timestamp,temp,humidity,gas_raw,gas_baseline,gas_diff,rain
2026-08-07T21:52:31.462628,32.40,45.00,364,364.00,0,24
2026-08-07T21:52:40.636942,32.70,45.00,361,363.94,-2,24
2026-08-07T21:52:49.811091,32.80,45.00,361,363.88,-2,24
2026-08-07T21:53:14.120961,32.80,45.00,361,361.00,0,24
2026-08-07T21:53:23.293928,32.80,45.00,360,360.98,0,24
2026-08-07T21:53:32.467054,32.80,45.00,360,360.96,0,24
2026-08-07T21:53:41.640391,32.80,45.00,361,360.96,1,23
2026-08-07T21:53:50.813255,32.80,45.00,361,360.96,1,24
2026-08-07T21:53:59.986979,32.80,45.00,361,360.96,1,24
2026-08-07T21:54:09.159767,32.80,45.00,360,360.94,0,24
2026-08-07T21:54:18.332742,32.80,45.00,360,360.92,0,24
2026-08-07T21:54:27.506708,32.80,45.00,361,360.93,1,24
2026-08-07T21:54:36.679296,32.80,45.00,360,360.91,0,24
2026-08-07T21:54:45.852948,32.80,45.00,360,360.89,0,24
2026-08-07T21:54:55.025793,32.80,45.00,361,360.89,1,24
2026-08-07T21:55:04.199120,32.80,45.00,360,360.87,0,24
2026-08-07T21:55:13.371797,32.40,45.00,361,360.88,1,24
2026-08-07T21:55:41.652152,32.30,45.00,362,362.00,0,24
2026-08-07T21:55:50.825345,32.30,45.00,362,362.00,0,24
2026-08-07T21:55:59.998723,32.30,45.00,361,361.98,0,24
2026-08-07T21:56:09.172890,32.30,45.00,360,361.94,-1,24
2026-08-07T21:56:18.347349,32.30,45.00,360,361.90,-1,24
2026-08-07T21:56:27.521218,32.30,45.00,360,361.86,-1,24
2026-08-07T21:56:36.696005,32.30,45.00,360,361.83,-1,24
2026-08-07T21:56:45.869561,32.30,44.00,360,361.79,-1,24
2026-08-07T21:56:55.043644,32.30,45.00,360,361.75,-1,24
2026-08-07T21:57:04.217985,32.30,45.00,359,361.70,-2,24
2026-08-07T21:57:13.392915,32.30,45.00,360,361.66,-1,24
2026-08-07T21:57:22.566854,32.30,45.00,359,361.61,-2,24
2026-08-07T21:57:31.740731,32.30,45.00,359,361.56,-2,24
2026-08-07T21:57:40.914980,32.30,44.00,360,361.53,-1,24
2026-08-07T21:57:50.088949,32.30,44.00,360,361.50,-1,23
2026-08-07T21:57:59.263315,32.30,44.00,359,361.45,-2,23
2026-08-07T21:58:08.437522,32.30,45.00,358,361.38,-3,24
2026-08-07T21:58:17.612050,32.30,45.00,360,361.35,-1,24
2026-08-07T21:58:26.786444,32.30,45.00,358,361.28,-3,24
2026-08-07T21:58:35.960603,32.30,45.00,359,361.24,-2,24
2026-08-07T21:58:45.134308,32.40,45.00,359,361.19,-2,25
2026-08-07T21:58:54.308450,32.40,45.00,358,361.13,-3,24
2026-08-07T21:59:03.482601,32.40,44.00,359,361.09,-2,24
2026-08-07T21:59:12.657376,32.30,45.00,360,361.07,-1,24
2026-08-07T21:59:21.829962,32.30,45.00,361,361.06,0,24
2026-08-07T21:59:31.004301,32.30,45.00,360,361.04,-1,24
2026-08-07T21:59:40.178473,32.30,45.00,359,361.00,-2,24
2026-08-07T21:59:49.352807,32.30,45.00,358,360.94,-2,24
2026-08-07T21:59:58.526773,32.30,45.00,357,360.86,-3,24
2026-08-07T22:00:07.701567,32.30,45.00,356,360.77,-4,24
2026-08-07T22:00:16.875967,32.30,45.00,356,360.67,-4,24
2026-08-07T22:00:26.049261,32.30,45.00,355,360.56,-5,24
2026-08-07T22:00:35.223358,32.30,45.00,354,360.43,-6,24
2026-08-07T22:00:44.397726,32.30,45.00,354,360.30,-6,24
2026-08-07T22:00:53.573222,32.30,45.00,354,360.17,-6,24
2026-08-07T22:01:02.745895,32.30,44.00,354,360.05,-6,24
2026-08-07T22:01:11.920445,32.30,45.00,354,359.93,-5,24
2026-08-07T22:01:21.095434,32.30,45.00,355,359.83,-4,24
2026-08-07T22:01:30.268870,32.30,44.00,355,359.73,-4,24
2026-08-07T22:01:39.443305,32.30,45.00,355,359.64,-4,24
2026-08-07T22:01:48.617138,32.30,44.00,354,359.52,-5,23
2026-08-07T22:01:57.791703,32.40,44.00,355,359.43,-4,24
2026-08-07T22:02:06.965880,32.80,44.00,354,359.33,-5,24
2026-08-07T22:02:16.139604,32.80,44.00,353,359.20,-6,24
2026-08-07T22:02:25.313608,32.80,44.00,354,359.10,-5,24
2026-08-07T22:02:34.488416,32.80,44.00,354,358.99,-4,24
2026-08-07T22:02:43.663009,32.80,44.00,355,358.91,-3,24
2026-08-07T22:08:50.304345,32.80,44.00,349,350.83,-1,23
2026-08-07T22:09:54.409614,32.80,44.00,348,350.64,-2,24
2026-08-07T22:10:58.515592,32.80,44.00,346,350.10,-4,24
2026-08-07T22:12:02.621242,32.80,44.00,345,349.46,-4,24
2026-08-07T22:13:06.726926,32.80,43.00,344,348.82,-4,24
2026-08-07T22:15:18.946573,32.80,43.00,343,342.91,1,24
2026-08-07T22:16:23.052303,32.80,43.00,342,342.78,0,24
2026-08-07T22:17:27.159165,32.80,42.00,340,342.53,-2,24
2026-08-07T22:18:31.263853,32.80,43.00,341,342.33,-1,23
2026-08-07T22:19:35.369970,32.80,42.00,339,342.07,-3,23
2026-08-07T22:20:39.475499,32.80,42.00,339,341.67,-2,24
2026-08-07T22:21:43.581586,32.80,42.00,338,341.22,-3,24
2026-08-07T22:22:47.686901,32.80,42.00,336,340.64,-4,24
2026-08-07T22:23:51.792535,32.80,42.00,335,339.91,-4,23
2026-08-07T22:24:55.898350,32.80,42.00,335,339.23,-4,23
2026-08-07T22:26:00.003996,32.80,42.00,333,338.46,-5,23
2026-08-07T22:27:04.109848,32.80,42.00,332,337.66,-5,24
2026-08-07T22:28:08.215491,32.60,41.00,331,336.91,-5,24
2026-08-07T22:29:12.322676,32.30,41.00,330,336.11,-6,23
2026-08-07T22:30:16.427852,32.30,41.00,328,335.15,-7,23
2026-08-07T22:31:20.534859,32.30,41.00,326,334.04,-8,24
2026-08-07T22:32:24.639985,32.30,41.00,325,332.92,-7,24
2026-08-07T22:33:28.746155,32.30,41.00,324,331.74,-7,23
2026-08-07T22:34:32.852398,32.30,41.00,322,330.55,-8,24
2026-08-07T22:35:36.958076,32.30,41.00,321,329.40,-8,24
2026-08-07T22:36:41.064922,32.30,41.00,320,328.24,-8,24
2026-08-07T22:37:45.171134,32.30,41.00,319,327.11,-8,23
2026-08-07T22:38:49.277311,32.30,40.00,319,326.08,-7,23
2026-08-07T22:39:53.382853,32.30,40.00,319,325.11,-6,23
2026-08-07T22:40:57.488548,32.30,41.00,320,324.38,-4,23
2026-08-07T22:42:01.594777,32.30,40.00,321,323.84,-2,24
2026-08-07T22:43:05.701185,32.30,40.00,320,323.33,-3,24
2026-08-07T22:44:09.806712,32.30,41.00,319,322.74,-3,23
2026-08-07T22:45:13.913259,32.30,41.00,319,322.29,-3,23
2026-08-07T22:46:18.018729,32.30,40.00,315,321.55,-6,24
2026-08-07T22:47:22.125028,32.30,40.00,316,320.80,-4,23
2026-08-07T22:48:26.230879,32.30,40.00,315,320.09,-5,23
2026-08-07T22:49:30.336878,32.30,40.00,315,319.47,-4,23
2026-08-07T22:50:34.443824,32.30,40.00,315,319.05,-4,24
2026-08-07T22:51:38.549207,32.30,40.00,316,318.59,-2,24
2026-08-07T22:52:42.655163,32.30,40.00,316,318.29,-2,24
2026-08-07T22:53:46.761483,32.30,40.00,315,317.93,-2,24
2026-08-07T22:54:50.867933,32.30,40.00,314,317.52,-3,24
2026-08-07T22:55:54.973823,32.30,40.00,315,317.21,-2,24
2026-08-07T22:56:59.078631,32.30,40.00,316,316.77,0,23
2026-08-07T22:58:03.184421,32.30,40.00,314,316.44,-2,24
2026-08-07T22:59:07.290624,32.30,40.00,314,316.10,-2,23
2026-08-07T23:00:11.398366,32.30,40.00,313,315.69,-2,24
2026-08-07T23:01:15.502504,32.30,40.00,312,315.19,-3,24
2026-08-07T23:02:19.608613,32.30,41.00,313,314.75,-1,24
2026-08-07T23:03:23.714800,32.30,41.00,313,314.43,-1,23
2026-08-07T23:04:27.820971,32.30,41.00,312,313.94,-1,24
2026-08-07T23:05:31.925844,32.30,41.00,313,313.80,0,23
2026-08-07T23:06:36.031149,32.30,41.00,313,313.73,0,25
2026-08-07T23:07:40.135668,32.80,41.00,314,313.75,1,24
2026-08-07T23:08:44.240408,32.80,41.00,313,313.68,0,24
2026-08-07T23:09:48.345044,32.80,41.00,313,313.61,0,24
2026-08-07T23:10:52.449230,32.80,40.00,313,313.53,0,24
2026-08-07T23:11:56.554229,32.80,40.00,311,313.33,-2,23
2026-08-07T23:13:00.660809,32.30,41.00,312,313.11,-1,24
2026-08-07T23:14:04.765276,32.30,41.00,313,313.04,0,24
2026-08-07T23:15:08.871470,32.50,42.00,313,313.06,0,24
2026-08-07T23:16:12.975558,32.80,41.00,314,313.13,1,24
2026-08-07T23:17:17.081133,32.80,41.00,312,313.07,-1,24
2026-08-07T23:18:21.187203,32.80,41.00,311,313.00,-2,23
2026-08-07T23:19:25.292926,32.80,41.00,311,312.72,-1,23
2026-08-07T23:20:29.398185,32.80,41.00,313,312.59,1,24
2026-08-07T23:21:33.502193,32.80,41.00,313,312.61,1,24
2026-08-07T23:22:37.606982,32.80,41.00,313,312.72,1,23
2026-08-07T23:23:41.711414,32.80,41.00,314,312.74,2,24
2026-08-07T23:24:45.816454,32.80,41.00,312,312.84,0,24
2026-08-07T23:25:49.921019,32.80,41.00,314,312.94,2,23
2026-08-07T23:26:54.026185,32.30,41.00,314,313.12,1,24
2026-08-07T23:27:58.131035,32.30,41.00,314,313.25,1,24
2026-08-07T23:29:02.236100,32.30,41.00,313,313.39,0,24
2026-08-07T23:30:06.341007,32.80,41.00,314,313.47,1,23
2026-08-07T23:31:10.445871,32.80,41.00,314,313.52,1,23
2026-08-07T23:32:14.550565,32.80,41.00,314,313.55,1,23
2026-08-07T23:33:18.656614,32.80,41.00,311,313.14,-2,23
2026-08-07T23:34:22.762858,32.80,41.00,311,312.80,-1,24
2026-08-07T23:35:26.867753,32.30,41.00,313,312.68,1,23
2026-08-07T23:36:30.973695,32.30,41.00,311,312.53,-1,23
2026-08-07T23:37:35.079367,32.30,41.00,309,312.10,-3,24
2026-08-07T23:38:39.186067,32.30,41.00,310,311.68,-1,24
2026-08-07T23:39:43.293104,32.30,41.00,309,311.51,-2,23
2026-08-07T23:40:47.397507,32.30,41.00,311,311.39,0,24
2026-08-07T23:41:51.502377,32.30,41.00,311,311.32,0,23
2026-08-07T23:42:55.606818,32.30,41.00,312,311.35,1,23
2026-08-07T23:43:59.712215,32.30,41.00,312,311.53,1,23
2026-08-07T23:45:03.817391,32.30,42.00,313,311.72,2,24
2026-08-07T23:46:07.922487,32.30,42.00,313,311.85,2,24
2026-08-07T23:47:12.027486,32.30,41.00,312,311.97,1,23
2026-08-07T23:48:16.133964,32.30,42.00,312,311.99,1,23
2026-08-07T23:49:20.239489,32.30,41.00,309,311.84,-2,24
2026-08-07T23:50:24.344521,32.30,41.00,312,311.73,1,23
2026-08-07T23:51:28.449702,32.30,41.00,314,311.86,3,23
2026-08-07T23:52:32.554355,32.30,41.00,314,312.09,2,23
2026-08-07T23:53:36.659178,32.30,41.00,314,312.40,2,23
2026-08-07T23:54:40.764387,32.30,41.00,315,312.67,3,23
2026-08-07T23:55:44.870292,32.30,41.00,313,312.81,1,24
2026-08-07T23:56:48.974313,32.30,41.00,313,312.85,1,23
2026-08-07T23:57:53.079813,32.30,41.00,312,312.78,0,23
2026-08-07T23:58:57.184956,32.30,41.00,312,312.75,0,23
2026-08-08T00:00:01.289647,32.30,41.00,312,312.56,0,23
2026-08-08T00:01:05.395609,32.20,41.00,311,312.44,-1,23
2026-08-08T00:02:09.502027,31.80,41.00,312,312.35,0,23
2026-08-08T00:03:13.608781,31.80,41.00,311,312.15,-1,24
2026-08-08T00:04:17.714432,32.20,41.00,310,311.94,-1,23
2026-08-08T00:05:21.820795,32.20,41.00,310,311.74,-1,23
2026-08-08T00:06:25.927454,31.80,41.00,309,311.40,-2,24
2026-08-08T00:07:30.033620,31.80,41.00,308,311.00,-3,23
2026-08-08T00:08:34.141335,31.80,42.00,309,310.67,-1,24
2026-08-08T00:09:38.246562,31.80,42.00,310,310.50,0,23
2026-08-08T00:10:42.351431,32.30,41.00,310,310.44,0,23
2026-08-08T00:11:46.457112,32.30,41.00,310,310.40,0,24
2026-08-08T00:12:50.561881,32.30,42.00,310,310.33,0,23
2026-08-08T00:13:54.668271,32.30,41.00,309,310.25,-1,24
2026-08-08T00:14:58.774709,32.30,41.00,310,310.08,0,23
2026-08-08T00:16:02.879233,31.80,41.00,308,309.84,-1,24
2026-08-08T00:17:06.984691,31.80,41.00,310,309.79,1,23
2026-08-08T00:18:11.090499,32.20,41.00,310,309.72,1,23
2026-08-08T00:19:15.195493,32.30,41.00,310,309.69,1,23
2026-08-08T00:20:19.301074,32.30,41.00,309,309.58,0,24
2026-08-08T00:21:23.406566,32.30,41.00,308,309.42,-1,24
2026-08-08T00:22:27.512562,32.30,41.00,308,309.22,-1,23
2026-08-08T00:23:31.618551,32.30,41.00,308,309.04,-1,23
2026-08-08T00:24:35.724688,32.30,41.00,307,308.79,-1,23
2026-08-08T00:25:39.830511,32.30,40.00,307,308.51,-1,23
2026-08-08T00:26:43.936736,32.30,40.00,306,308.18,-2,24
2026-08-08T00:27:48.043344,32.30,40.00,306,307.98,-1,23
2026-08-08T00:28:52.149120,32.30,40.00,305,307.64,-2,23
2026-08-08T00:29:56.256200,31.80,40.00,304,307.20,-3,23
2026-08-08T00:31:00.363622,31.80,40.00,303,306.70,-3,23
2026-08-08T00:32:04.471487,31.80,40.00,303,306.23,-3,23
2026-08-08T00:33:08.578772,31.80,40.00,303,305.80,-2,24
2026-08-08T00:34:12.685522,31.80,40.00,303,305.34,-2,23
2026-08-08T00:35:16.792678,31.80,40.00,302,304.92,-2,23
2026-08-08T00:36:20.900071,31.80,40.00,303,304.61,-1,24
2026-08-08T00:37:25.007955,31.80,40.00,301,304.25,-3,23
2026-08-08T00:38:29.115267,31.80,40.00,302,303.95,-1,24
2026-08-08T00:39:33.222371,31.80,40.00,302,303.73,-1,24
2026-08-08T00:40:37.329637,31.80,40.00,302,303.52,-1,23
2026-08-08T00:41:41.437245,31.80,40.00,301,303.28,-2,23
2026-08-08T00:42:45.544645,31.80,40.00,302,303.04,-1,24
2026-08-08T00:43:49.650865,31.80,40.00,302,302.86,0,23
2026-08-08T00:44:53.757800,31.80,40.00,301,302.62,-1,23
2026-08-08T00:45:57.864088,31.80,40.00,302,302.39,0,23
2026-08-08T00:47:01.970093,32.30,40.00,301,302.28,-1,24
2026-08-08T00:48:06.076463,32.30,40.00,300,302.07,-2,23
2026-08-08T00:49:10.181969,32.30,39.00,301,301.93,0,23
2026-08-08T00:50:14.287084,32.30,39.00,302,301.88,1,24
2026-08-08T00:51:18.392928,32.30,39.00,303,302.01,1,24
2026-08-08T00:52:22.498253,32.30,39.00,304,302.20,2,23
2026-08-08T00:53:26.603626,32.30,39.00,302,302.27,0,24
2026-08-08T00:54:30.709309,32.30,39.00,303,302.29,1,24
2026-08-08T00:55:34.814648,32.30,39.00,302,302.27,0,23
2026-08-08T00:56:38.920874,32.30,39.00,301,302.23,-1,24
2026-08-08T00:57:43.027773,32.30,38.00,301,302.03,-1,23
2026-08-08T00:58:47.133236,32.30,38.00,300,301.80,-1,24
2026-08-08T00:59:51.239223,32.30,38.00,300,301.56,-1,23
2026-08-08T01:00:55.346102,32.30,38.00,299,301.26,-2,23
2026-08-08T01:01:59.451700,32.30,38.00,299,300.94,-1,23
2026-08-08T01:03:03.557781,32.30,38.00,298,300.59,-2,23
2026-08-08T01:04:07.663692,32.30,38.00,298,300.25,-2,23
2026-08-08T01:05:11.769573,32.30,38.00,298,299.93,-1,23
2026-08-08T01:06:15.876177,32.30,38.00,298,299.62,-1,23
2026-08-08T01:07:19.982371,32.30,38.00,297,299.31,-2,24
2026-08-08T01:08:24.087873,32.30,38.00,297,299.01,-2,24
2026-08-08T01:09:28.194643,32.30,38.00,296,298.61,-2,24
2026-08-08T01:10:32.300323,32.30,38.00,295,298.17,-3,24
2026-08-08T01:11:36.406606,32.30,38.00,295,297.87,-2,24
2026-08-08T01:12:40.512733,32.30,38.00,296,297.60,-1,23
2026-08-08T01:13:44.618426,32.30,38.00,296,297.39,-1,23
2026-08-08T01:14:48.724708,32.30,38.00,296,297.11,-1,23
2026-08-08T01:15:52.830878,32.30,38.00,295,296.80,-1,24
2026-08-08T01:16:56.937135,32.30,38.00,295,296.58,-1,23
2026-08-08T01:18:01.041935,32.30,38.00,296,296.39,0,23
2026-08-08T01:19:05.147781,32.30,38.00,294,296.18,-2,24
2026-08-08T01:20:09.254125,32.00,38.00,294,295.95,-1,23
2026-08-08T01:21:13.360876,31.80,38.00,294,295.68,-1,24
2026-08-08T01:22:17.467699,32.30,38.00,294,295.49,-1,23
2026-08-08T01:23:21.572379,32.30,37.00,295,295.28,0,24
2026-08-08T01:24:25.678344,32.30,38.00,295,295.24,0,24
2026-08-08T01:25:29.782251,32.30,37.00,295,295.15,0,24
2026-08-08T01:26:33.887087,32.30,37.00,295,295.13,0,24
2026-08-08T01:27:37.992749,32.30,37.00,296,295.21,1,24
2026-08-08T01:28:42.096504,32.30,37.00,296,295.33,1,23
2026-08-08T01:29:46.201430,32.20,37.00,297,295.54,2,23
2026-08-08T01:30:50.307043,32.30,38.00,296,295.65,1,24
2026-08-08T01:31:54.411753,32.30,38.00,298,295.82,3,24
2026-08-08T01:32:58.516812,32.30,38.00,297,295.95,2,23
2026-08-08T01:34:02.621707,32.30,38.00,298,296.13,2,24
2026-08-08T01:35:06.726996,32.30,38.00,297,296.26,1,23
2026-08-08T01:36:10.831868,32.30,38.00,297,296.45,1,24
2026-08-08T01:37:14.937070,32.30,38.00,298,296.70,2,24
2026-08-08T01:38:19.041953,32.30,38.00,299,296.91,3,23
2026-08-08T01:39:23.148192,32.30,38.00,298,297.03,1,24
2026-08-08T01:40:27.252762,32.30,38.00,297,297.10,0,24
2026-08-08T01:41:31.358259,32.30,38.00,296,297.09,-1,24
2026-08-08T01:42:35.463393,32.30,38.00,297,297.04,0,23
2026-08-08T01:43:39.568320,32.30,38.00,298,297.05,1,23
2026-08-08T01:44:43.673327,32.30,38.00,297,297.08,0,24
2026-08-08T01:45:47.778834,32.30,38.00,297,297.09,0,23
2026-08-08T01:46:51.883711,32.30,38.00,298,297.19,1,23
2026-08-08T01:47:55.988568,32.30,38.00,299,297.32,2,24
2026-08-08T01:49:00.093750,32.30,38.00,298,297.37,1,23
2026-08-08T01:50:04.198360,32.30,38.00,298,297.34,1,23
2026-08-08T01:51:08.305282,32.30,38.00,296,297.28,-1,24
2026-08-08T01:52:12.410745,32.30,38.00,296,297.13,-1,23
2026-08-08T01:53:16.516308,32.30,38.00,296,296.96,0,23
2026-08-08T01:54:20.621762,32.30,38.00,295,296.74,-1,24
2026-08-08T01:55:24.727872,32.30,38.00,295,296.57,-1,23
2026-08-08T01:56:28.832806,32.30,38.00,296,296.45,0,24
2026-08-08T01:57:32.937859,32.30,38.00,296,296.34,0,24
2026-08-08T01:58:37.043273,32.30,38.00,297,296.33,1,24
2026-08-08T01:59:41.147699,32.30,38.00,297,296.31,1,24
2026-08-08T02:00:45.253212,32.30,38.00,296,296.34,0,23
2026-08-08T02:01:49.358583,32.30,38.00,296,296.31,0,23
2026-08-08T02:02:53.463202,32.30,38.00,296,296.25,0,23
2026-08-08T02:03:57.567953,32.30,38.00,296,296.24,0,23
2026-08-08T02:05:01.673289,32.30,38.00,296,296.15,0,24
2026-08-08T02:06:05.779109,32.30,38.00,295,296.09,-1,23
2026-08-08T02:07:09.885095,32.80,38.00,294,295.97,-1,23
2026-08-08T02:08:13.990161,32.30,38.00,295,295.84,0,23
2026-08-08T02:09:18.096307,32.30,38.00,294,295.65,-1,23
2026-08-08T02:10:22.201368,32.30,38.00,295,295.55,0,23
2026-08-08T02:11:26.307572,32.30,38.00,294,295.40,-1,23
2026-08-08T02:12:30.413382,32.30,38.00,294,295.21,-1,24
2026-08-08T02:13:34.520063,32.80,37.00,294,295.05,-1,24
2026-08-08T02:14:38.624653,32.80,37.00,294,294.86,0,23
2026-08-08T02:15:42.729313,32.80,37.00,294,294.71,0,23
2026-08-08T02:16:46.835588,32.60,37.00,293,294.57,-1,23
2026-08-08T02:17:50.942007,32.30,37.00,293,294.40,-1,23
2026-08-08T02:18:55.047951,32.30,37.00,293,294.22,-1,23
2026-08-08T02:19:59.153580,32.80,37.00,293,294.06,-1,24
2026-08-08T02:21:03.259119,32.80,37.00,293,293.94,0,24
2026-08-08T02:22:07.363740,32.30,37.00,293,293.79,0,24
2026-08-08T02:23:11.468485,32.30,37.00,293,293.65,0,24
2026-08-08T02:24:15.574914,32.30,37.00,292,293.45,-1,24
2026-08-08T02:25:19.680821,32.30,37.00,291,293.22,-2,23
2026-08-08T02:26:23.786738,32.30,37.00,291,293.06,-2,24
2026-08-08T02:27:27.891329,32.30,37.00,292,292.90,0,23
2026-08-08T02:28:31.995403,32.30,37.00,292,292.80,0,23
2026-08-08T02:29:36.099882,32.30,37.00,292,292.64,0,23
2026-08-08T02:30:40.205504,32.30,37.00,291,292.44,-1,23
2026-08-08T02:31:44.311822,32.30,37.00,291,292.27,-1,23
2026-08-08T02:32:48.415960,32.30,37.00,292,292.20,0,24
2026-08-08T02:33:52.522107,32.30,37.00,291,292.06,-1,23
2026-08-08T02:34:56.628591,32.80,37.00,290,291.88,-1,23
2026-08-08T02:36:00.733164,32.80,37.00,291,291.75,0,23
2026-08-08T02:37:04.838167,32.80,37.00,291,291.61,0,24
2026-08-08T02:38:08.942808,33.30,36.00,293,291.70,2,24
2026-08-08T02:39:13.047594,33.30,36.00,297,292.22,5,23
2026-08-08T02:40:17.152627,33.30,35.00,296,292.73,4,23
2026-08-08T02:41:21.258280,33.30,36.00,297,293.32,4,24
2026-08-08T02:42:25.363744,33.30,35.00,297,293.82,4,24
2026-08-08T02:43:29.469188,33.30,35.00,297,294.24,3,23
2026-08-08T02:44:33.575612,33.30,35.00,298,294.55,4,24
2026-08-08T02:45:37.680392,33.80,35.00,297,294.89,3,24
2026-08-08T02:46:41.785623,33.80,35.00,295,295.00,1,23
2026-08-08T02:47:45.890407,33.80,35.00,296,295.08,1,23
2026-08-08T02:48:49.995637,33.80,35.00,296,295.20,1,23
2026-08-08T02:49:54.100989,33.80,35.00,295,295.21,0,24
2026-08-08T02:50:58.206620,33.80,35.00,294,295.10,-1,23
2026-08-08T02:52:02.312485,33.80,35.00,294,294.96,0,24
2026-08-08T02:53:06.418185,33.30,35.00,293,294.72,-1,24
2026-08-08T02:54:10.525338,33.30,35.00,293,294.49,-1,24
2026-08-08T02:55:14.631756,33.30,35.00,292,294.22,-2,23
2026-08-08T02:56:18.738636,33.30,35.00,291,293.91,-2,23
2026-08-08T02:57:22.847172,33.30,35.00,291,293.62,-2,23
2026-08-08T02:58:26.953167,33.30,35.00,292,293.40,-1,23
2026-08-08T02:59:31.059278,33.30,35.00,292,293.22,-1,23
2026-08-08T03:00:35.166300,33.30,35.00,292,293.13,-1,23
2026-08-08T03:01:39.271542,33.30,35.00,292,292.93,0,23
2026-08-08T03:02:43.377333,33.30,35.00,292,292.86,0,23
2026-08-08T03:03:47.482661,33.30,35.00,292,292.73,0,24
2026-08-08T03:04:51.589450,33.30,34.00,291,292.50,-1,24
2026-08-08T03:05:55.695275,32.80,36.00,289,292.15,-3,23
2026-08-08T03:06:59.800921,32.80,36.00,289,291.73,-2,23
2026-08-08T03:08:03.907140,32.80,36.00,289,291.37,-2,23
2026-08-08T03:09:08.012203,32.80,36.00,289,291.02,-2,24
2026-08-08T03:10:12.117408,32.80,36.00,288,290.70,-2,24
2026-08-08T03:11:16.223065,32.30,36.00,288,290.32,-2,24
2026-08-08T03:12:20.330262,32.30,36.00,286,289.86,-3,24
2026-08-08T03:13:24.435804,32.30,36.00,286,289.35,-3,23
2026-08-08T03:14:28.541523,32.30,36.00,285,288.85,-3,23
2026-08-08T03:15:32.647646,32.30,36.00,285,288.35,-3,24
2026-08-08T03:16:36.754445,32.30,36.00,284,287.81,-3,24
2026-08-08T03:17:40.859888,32.30,36.00,285,287.42,-2,23
2026-08-08T03:18:44.966420,32.30,36.00,284,287.03,-3,23
2026-08-08T03:19:49.071980,32.30,36.00,284,286.65,-2,24
2026-08-08T03:20:53.178530,32.30,36.00,284,286.28,-2,23
2026-08-08T03:21:57.284727,32.30,36.00,283,285.96,-2,24
2026-08-08T03:23:01.390761,32.30,36.00,283,285.64,-2,23
2026-08-08T03:24:05.496715,32.30,36.00,283,285.29,-2,23
2026-08-08T03:25:09.602811,32.30,36.00,283,284.97,-1,23
2026-08-08T03:26:13.708731,32.30,36.00,283,284.69,-1,23
2026-08-08T03:27:17.814508,32.30,36.00,282,284.36,-2,23
2026-08-08T03:28:21.921255,32.30,36.00,282,284.08,-2,24
2026-08-08T03:29:26.027219,32.30,35.00,282,283.81,-1,24
2026-08-08T03:30:30.133060,32.30,36.00,281,283.53,-2,23
2026-08-08T03:31:34.239930,32.30,36.00,281,283.22,-2,24
2026-08-08T03:32:38.345449,32.30,35.00,281,282.98,-1,23
2026-08-08T03:33:42.451786,31.80,36.00,281,282.74,-1,24
2026-08-08T03:34:46.558642,31.80,36.00,281,282.51,-1,24
2026-08-08T03:35:50.664160,31.80,36.00,282,282.33,0,23
2026-08-08T03:36:54.770717,31.80,36.00,282,282.19,0,24
2026-08-08T03:37:58.876654,31.80,36.00,282,282.15,0,24
2026-08-08T03:39:02.982071,32.30,36.00,282,282.05,0,24
2026-08-08T03:40:07.086921,32.30,35.00,281,281.95,0,24
2026-08-08T03:41:11.192982,32.30,36.00,280,281.79,-1,23
2026-08-08T03:42:15.297670,32.30,36.00,281,281.64,0,23
2026-08-08T03:43:19.403456,32.30,36.00,282,281.58,1,23
2026-08-08T03:44:23.508048,32.30,36.00,282,281.65,1,24
2026-08-08T03:45:27.612928,32.30,36.00,286,281.84,5,24
2026-08-08T03:46:31.718268,32.30,36.00,286,282.42,4,24
2026-08-08T03:47:35.823196,32.30,35.00,289,283.16,6,24
2026-08-08T03:48:39.928085,32.30,36.00,290,283.99,7,23
2026-08-08T03:49:44.032998,32.30,36.00,291,284.93,7,24
2026-08-08T03:50:48.138557,32.30,35.00,290,285.67,5,23
2026-08-08T03:51:52.242940,32.30,35.00,289,286.13,3,24
2026-08-08T03:52:56.348805,32.30,35.00,288,286.43,2,24
2026-08-08T03:54:00.453445,32.30,35.00,287,286.54,1,24
2026-08-08T03:55:04.559073,32.30,35.00,287,286.58,1,23
2026-08-08T03:56:08.663435,32.80,35.00,286,286.60,0,24
2026-08-08T03:57:12.768332,32.30,35.00,286,286.52,0,23
2026-08-08T03:58:16.874868,32.80,35.00,285,286.41,-1,24
2026-08-08T03:59:20.980633,32.30,35.00,284,286.17,-2,24
2026-08-08T04:00:25.086668,32.40,35.00,285,286.02,-1,23
2026-08-08T04:01:29.192754,32.80,35.00,284,285.81,-1,24
2026-08-08T04:02:33.299429,32.80,35.00,284,285.60,-1,24
2026-08-08T04:03:37.405027,32.80,35.00,283,285.35,-2,23
2026-08-08T04:04:41.512141,32.30,35.00,283,285.16,-2,23
2026-08-08T04:05:45.617299,32.80,35.00,283,284.87,-1,24
2026-08-08T04:06:49.723920,32.80,35.00,281,284.53,-3,23
2026-08-08T04:07:53.830065,32.80,35.00,282,284.18,-2,24
2026-08-08T04:08:57.935717,32.80,35.00,281,283.83,-2,23
2026-08-08T04:10:02.041805,32.80,35.00,281,283.46,-2,23
2026-08-08T04:11:06.148260,32.30,35.00,281,283.15,-2,24
2026-08-08T04:12:10.253084,32.30,35.00,282,282.93,0,23
2026-08-08T04:13:14.358755,32.30,35.00,281,282.69,-1,23
2026-08-08T04:14:18.465620,32.30,35.00,281,282.47,-1,23
2026-08-08T04:15:22.571148,32.30,35.00,281,282.28,-1,23
2026-08-08T04:16:26.677264,32.30,35.00,281,282.11,-1,23
2026-08-08T04:17:30.782238,32.30,35.00,281,281.98,0,23
2026-08-08T04:18:34.887061,32.30,35.00,281,281.89,0,24
2026-08-08T04:19:38.992322,32.30,35.00,281,281.81,0,23
2026-08-08T04:20:43.097715,32.30,35.00,281,281.68,0,23
2026-08-08T04:21:47.202543,32.30,35.00,281,281.58,0,23
2026-08-08T04:22:51.308654,32.30,35.00,281,281.50,0,24
2026-08-08T04:23:55.413657,32.30,35.00,280,281.41,-1,23
2026-08-08T04:24:59.519040,32.30,35.00,281,281.30,0,24
2026-08-08T04:26:03.625136,32.30,35.00,280,281.21,-1,23
2026-08-08T04:27:07.730613,32.30,35.00,280,281.03,-1,23
2026-08-08T04:28:11.837316,32.30,35.00,279,280.76,-1,23
2026-08-08T04:29:15.942947,32.30,35.00,279,280.58,-1,23
2026-08-08T04:30:20.047801,32.30,35.00,280,280.45,0,24
2026-08-08T04:31:24.153843,32.30,35.00,279,280.33,-1,23
2026-08-08T04:32:28.259761,31.80,35.00,280,280.25,0,24
2026-08-08T04:33:32.365688,31.80,35.00,280,280.18,0,23
2026-08-08T04:34:36.471608,31.80,35.00,280,280.16,0,24
2026-08-08T04:35:40.577487,31.80,35.00,280,280.14,0,23
2026-08-08T04:36:44.683234,31.80,35.00,280,280.12,0,24
2026-08-08T04:37:48.789113,31.80,35.00,280,280.05,0,23
2026-08-08T04:38:52.895059,31.80,35.00,280,280.00,0,23
2026-08-08T04:39:57.001065,31.80,35.00,280,280.00,0,24
2026-08-08T04:41:01.108307,31.80,35.00,280,279.98,1,24
2026-08-08T04:42:05.212592,32.20,35.00,280,279.91,1,23
2026-08-08T04:43:09.316973,32.30,35.00,279,279.88,0,23
2026-08-08T04:44:13.423102,32.30,35.00,279,279.80,0,24
2026-08-08T04:45:17.527170,32.30,35.00,279,279.73,0,23
2026-08-08T04:46:21.633401,31.80,35.00,280,279.73,1,24
2026-08-08T04:47:25.739199,31.80,35.00,279,279.65,0,24
2026-08-08T04:48:29.844915,31.80,35.00,279,279.59,0,23
2026-08-08T04:49:33.952129,31.80,35.00,278,279.47,-1,23
2026-08-08T04:50:38.058203,31.80,35.00,279,279.35,0,24
2026-08-08T04:51:42.165252,31.80,35.00,278,279.23,-1,23
2026-08-08T04:52:46.271843,31.80,35.00,278,279.08,-1,24
2026-08-08T04:53:50.378659,31.80,35.00,277,278.90,-1,23
2026-08-08T04:54:54.484703,31.80,35.00,278,278.73,0,24
2026-08-08T04:55:58.590715,31.80,35.00,278,278.61,0,23
2026-08-08T04:57:02.696971,31.80,35.00,278,278.55,0,23
2026-08-08T04:58:06.802765,31.80,35.00,278,278.48,0,23
2026-08-08T04:59:10.910033,31.80,35.00,277,278.36,-1,24
2026-08-08T05:00:15.016876,31.80,35.00,277,278.21,-1,24
2026-08-08T05:01:19.123679,31.80,35.00,277,278.05,-1,23
2026-08-08T05:02:23.229881,31.80,35.00,277,277.93,0,24
2026-08-08T05:03:27.335501,31.80,35.00,278,277.94,1,23
2026-08-08T05:04:31.441802,31.80,35.00,278,277.95,1,23
2026-08-08T05:05:35.547726,31.80,35.00,278,277.96,1,23
2026-08-08T05:06:39.653602,31.80,34.00,277,277.87,0,24
2026-08-08T05:07:43.759749,31.80,35.00,278,277.89,1,24
2026-08-08T05:08:47.865935,31.80,35.00,277,277.79,0,23
2026-08-08T05:09:51.971251,31.80,35.00,277,277.68,0,23
2026-08-08T05:10:56.077396,31.80,35.00,277,277.61,0,24
2026-08-08T05:12:00.183236,31.80,35.00,277,277.51,0,23
2026-08-08T05:13:04.291070,31.80,34.00,276,277.37,-1,23
2026-08-08T05:14:08.396112,31.80,34.00,277,277.26,0,24
2026-08-08T05:15:12.502217,31.80,34.00,276,277.10,-1,24
2026-08-08T05:16:16.608233,31.80,34.00,276,276.95,0,24
2026-08-08T05:17:20.713693,31.80,34.00,276,276.83,0,24
2026-08-08T05:18:24.820069,31.80,34.00,276,276.72,0,24
2026-08-08T05:19:28.926395,31.80,34.00,275,276.58,-1,24
2026-08-08T05:20:33.033215,31.80,34.00,275,276.39,-1,24
2026-08-08T05:21:37.140524,31.80,34.00,275,276.21,-1,24
2026-08-08T05:22:41.246708,31.80,34.00,275,276.14,-1,24
2026-08-08T05:23:45.352030,31.80,34.00,276,276.07,0,24
2026-08-08T05:24:49.458400,31.80,34.00,275,275.95,0,23
2026-08-08T05:25:53.563574,31.80,34.00,275,275.82,0,23
2026-08-08T05:26:57.669690,31.80,34.00,275,275.75,0,23
2026-08-08T05:28:01.774797,31.80,34.00,276,275.73,1,24
2026-08-08T05:29:05.881159,31.80,34.00,275,275.67,0,24
2026-08-08T05:30:09.987406,31.80,34.00,274,275.56,-1,24
2026-08-08T05:31:14.093314,31.80,34.00,275,275.45,0,24
2026-08-08T05:32:18.200611,31.80,34.00,274,275.30,-1,24
2026-08-08T05:33:22.306510,31.80,34.00,274,275.14,-1,23
2026-08-08T05:34:26.411896,31.80,34.00,275,275.09,0,24
2026-08-08T05:35:30.518212,31.80,34.00,275,275.02,0,23
2026-08-08T05:36:34.623389,31.80,34.00,274,275.00,0,24
2026-08-08T05:37:38.728834,31.80,34.00,274,274.87,0,24
2026-08-08T05:38:42.835819,31.70,34.00,274,274.75,0,23
2026-08-08T05:39:46.940579,31.30,34.00,274,274.67,0,24
2026-08-08T05:40:51.046148,31.30,34.00,274,274.58,0,23
2026-08-08T05:41:55.151963,31.30,34.00,274,274.51,0,24
2026-08-08T05:42:59.258670,31.80,34.00,273,274.40,-1,24
2026-08-08T05:44:03.364487,31.80,34.00,274,274.27,0,24
2026-08-08T05:45:07.469870,31.30,34.00,274,274.22,0,24
2026-08-08T05:46:11.577001,31.30,34.00,273,274.17,-1,24
2026-08-08T05:47:15.683991,31.30,34.00,274,274.13,0,24
2026-08-08T05:48:19.789485,31.30,34.00,273,274.02,-1,24
2026-08-08T05:49:23.895725,31.30,34.00,274,273.96,1,23
2026-08-08T05:50:28.001331,31.30,34.00,274,273.85,1,24
2026-08-08T05:51:32.106575,31.30,34.00,274,273.84,1,24
2026-08-08T05:52:36.212723,31.30,34.00,275,273.97,2,24
2026-08-08T05:53:40.317876,31.30,34.00,275,274.11,1,24
2026-08-08T05:54:44.423784,31.30,34.00,274,274.08,0,23
2026-08-08T05:55:48.529768,31.30,34.00,274,274.03,0,24
2026-08-08T05:56:52.635188,31.30,34.00,273,273.97,0,23
2026-08-08T05:57:56.740789,31.30,34.00,273,273.86,0,23
2026-08-08T05:59:00.846649,31.30,34.00,273,273.75,0,24
2026-08-08T06:00:04.952483,31.30,34.00,273,273.67,0,23
2026-08-08T06:01:09.058834,31.30,34.00,272,273.48,-1,24
2026-08-08T06:02:13.165507,31.30,34.00,272,273.32,-1,23
2026-08-08T06:03:17.271576,31.30,34.00,273,273.26,0,24
2026-08-08T06:04:21.377206,31.30,34.00,274,273.25,1,23
2026-08-08T06:05:25.482809,31.30,33.00,274,273.33,1,24
2026-08-08T06:06:29.588763,31.30,33.00,274,273.40,1,24
2026-08-08T06:07:33.694735,31.30,34.00,274,273.48,1,23
2026-08-08T06:08:37.800528,31.30,33.00,273,273.51,0,23
2026-08-08T06:09:41.906180,31.30,33.00,274,273.56,1,24
2026-08-08T06:10:46.012583,31.30,33.00,274,273.61,1,24
2026-08-08T06:11:50.118216,31.30,33.00,274,273.70,1,24
2026-08-08T06:12:54.224426,31.30,33.00,274,273.78,1,23
2026-08-08T06:13:58.330131,31.30,33.00,275,273.83,2,24
2026-08-08T06:15:02.436469,31.30,33.00,274,273.85,1,24
2026-08-08T06:16:06.541900,31.30,33.00,274,273.82,1,23
2026-08-08T06:17:10.647727,31.30,33.00,275,273.94,2,24
2026-08-08T06:18:14.754800,31.30,33.00,275,274.08,1,23
2026-08-08T06:19:18.860031,31.30,33.00,275,274.18,1,23
2026-08-08T06:20:22.965671,31.30,33.00,274,274.16,0,23
2026-08-08T06:21:27.071868,31.30,33.00,274,274.17,0,23
2026-08-08T06:22:31.177737,31.30,33.00,274,274.21,0,24
2026-08-08T06:23:35.283632,31.30,33.00,274,274.22,0,24
2026-08-08T06:24:39.389787,31.30,33.00,274,274.19,0,24
2026-08-08T06:25:43.495573,31.30,33.00,274,274.16,0,24
2026-08-08T06:26:47.601463,31.30,33.00,274,274.14,0,23
2026-08-08T06:27:51.707739,31.30,33.00,274,274.12,0,24
2026-08-08T06:28:55.815142,31.30,33.00,273,274.09,-1,23
2026-08-08T06:29:59.921138,31.30,33.00,274,274.04,0,23
2026-08-08T06:31:04.026297,31.30,33.00,274,274.03,0,24
2026-08-08T06:32:08.132209,31.30,33.00,273,273.92,0,24
2026-08-08T06:33:12.238562,31.30,33.00,274,273.91,1,24
2026-08-08T06:34:16.344472,31.30,33.00,274,273.88,1,24
2026-08-08T06:35:20.450346,31.30,33.00,273,273.78,0,24
2026-08-08T06:36:24.556231,31.30,33.00,273,273.68,0,24
2026-08-08T06:37:28.661803,31.30,33.00,273,273.59,0,23
2026-08-08T06:38:32.768854,31.30,33.00,273,273.44,0,24
2026-08-08T06:39:36.874582,31.30,33.00,272,273.27,-1,24
2026-08-08T06:40:40.981682,31.30,33.00,272,273.10,-1,23
2026-08-08T06:41:45.087854,31.30,33.00,272,272.95,0,23
2026-08-08T06:42:49.193893,31.30,33.00,272,272.83,0,24
2026-08-08T06:43:53.299614,31.30,33.00,272,272.72,0,23
2026-08-08T06:44:57.405427,31.30,33.00,272,272.60,0,24
2026-08-08T06:46:01.511305,31.80,33.00,272,272.51,0,24
2026-08-08T06:47:05.617656,31.80,33.00,271,272.36,-1,24
2026-08-08T06:48:09.724767,31.80,33.00,271,272.22,-1,24
2026-08-08T06:49:13.831371,31.80,32.00,271,272.00,-1,23
2026-08-08T06:50:17.937534,31.80,32.00,270,271.81,-1,24
2026-08-08T06:51:22.044285,31.80,32.00,270,271.57,-1,24
2026-08-08T06:52:26.150537,31.80,32.00,270,271.36,-1,24
2026-08-08T06:53:30.257951,31.80,32.00,270,271.22,-1,24
2026-08-08T06:54:34.364160,31.80,32.00,270,271.06,-1,24
2026-08-08T06:55:38.469882,31.80,33.00,270,270.96,0,24
2026-08-08T06:56:42.575312,31.80,33.00,270,270.83,0,24
2026-08-08T06:57:46.680501,31.80,33.00,270,270.78,0,23
2026-08-08T06:58:50.785788,31.80,33.00,271,270.77,1,24
2026-08-08T06:59:54.891460,31.80,33.00,270,270.74,0,23
2026-08-08T07:00:58.996602,31.80,33.00,270,270.72,0,24
2026-08-08T07:02:03.102079,31.80,33.00,271,270.70,1,24
2026-08-08T07:03:07.207151,31.80,33.00,271,270.70,1,24
2026-08-08T07:04:11.312510,31.80,33.00,271,270.74,1,24
2026-08-08T07:05:15.418085,31.80,33.00,270,270.72,0,24
2026-08-08T07:06:19.523236,31.80,33.00,271,270.74,1,24
2026-08-08T07:07:23.628420,31.80,33.00,271,270.75,1,24
2026-08-08T07:08:27.733834,31.80,33.00,271,270.71,1,24
2026-08-08T07:09:31.839679,31.80,32.00,270,270.64,0,23
2026-08-08T07:10:35.946098,31.80,32.00,270,270.59,0,23
2026-08-08T07:11:40.051544,31.80,32.00,271,270.59,1,23
2026-08-08T07:12:44.157172,31.80,32.00,271,270.68,1,24
2026-08-08T07:13:48.262738,31.80,32.00,270,270.67,0,24
2026-08-08T07:14:52.368046,31.80,32.00,270,270.64,0,24
2026-08-08T07:15:56.473546,31.80,32.00,270,270.59,0,24
2026-08-08T07:17:00.579336,31.80,32.00,270,270.53,0,23
2026-08-08T07:18:04.685612,31.80,32.00,271,270.48,1,23
2026-08-08T07:19:08.790698,31.80,32.00,270,270.42,0,23
2026-08-08T07:20:12.897290,31.80,32.00,269,270.30,-1,24
2026-08-08T07:21:17.002803,31.80,32.00,270,270.19,0,24
2026-08-08T07:22:21.109961,31.80,32.00,269,270.07,-1,24
2026-08-08T07:23:25.215324,31.80,32.00,269,269.95,0,24
2026-08-08T07:24:29.321149,31.80,32.00,269,269.82,0,24
2026-08-08T07:25:33.426853,31.80,32.00,269,269.71,0,24
2026-08-08T07:26:37.532452,31.80,32.00,269,269.69,0,24
2026-08-08T07:27:41.638089,31.80,32.00,269,269.60,0,24
2026-08-08T07:28:45.743811,31.80,32.00,269,269.52,0,24
2026-08-08T07:29:49.849332,31.80,32.00,269,269.51,0,23
2026-08-08T07:30:53.955242,31.80,32.00,270,269.50,1,24
2026-08-08T07:31:58.060592,31.80,32.00,269,269.45,0,24
2026-08-08T07:33:02.166509,31.80,32.00,269,269.41,0,24
2026-08-08T07:34:06.272406,31.80,32.00,270,269.47,1,24
2026-08-08T07:35:10.378040,31.80,32.00,271,269.58,2,24
2026-08-08T07:36:14.483663,31.80,32.00,270,269.67,1,24
2026-08-08T07:37:18.589030,31.80,32.00,270,269.71,1,24
2026-08-08T07:38:22.695141,31.80,32.00,270,269.79,1,24
2026-08-08T07:39:26.800281,31.80,32.00,270,269.82,1,23
2026-08-08T07:40:30.906432,31.80,32.00,270,269.82,1,24
2026-08-08T07:41:35.012118,31.80,32.00,269,269.75,0,24
2026-08-08T07:42:39.117314,31.80,32.00,270,269.71,1,24
2026-08-08T07:43:43.221913,32.30,32.00,270,269.67,1,24
2026-08-08T07:44:47.326936,31.80,32.00,269,269.58,0,24
2026-08-08T07:45:51.432666,31.80,32.00,270,269.55,1,24
2026-08-08T07:46:55.537860,31.80,32.00,270,269.55,1,24
2026-08-08T07:47:59.643941,31.80,32.00,269,269.52,0,23
2026-08-08T07:49:03.749385,31.80,32.00,269,269.47,0,24
2026-08-08T07:50:07.855597,31.80,32.00,269,269.41,0,24
2026-08-08T07:51:11.960810,31.80,32.00,269,269.41,0,24
2026-08-08T07:52:16.066416,31.80,32.00,270,269.39,1,23
2026-08-08T07:53:20.172299,31.80,32.00,270,269.38,1,24
2026-08-08T07:54:24.277856,31.80,32.00,270,269.46,1,24
2026-08-08T07:55:28.383492,31.80,32.00,270,269.51,1,24
2026-08-08T07:56:32.489151,31.80,32.00,269,269.52,0,23
2026-08-08T07:57:36.594574,31.90,32.00,269,269.49,0,24
2026-08-08T07:58:40.699391,32.30,32.00,269,269.52,0,24
2026-08-08T07:59:44.803327,32.30,32.00,270,269.53,1,24
2026-08-08T08:00:48.908007,32.30,32.00,269,269.49,0,24
2026-08-08T08:01:53.012786,32.30,32.00,269,269.43,0,24
2026-08-08T08:02:57.116606,32.20,32.00,269,269.37,0,24
2026-08-08T08:04:01.222478,31.80,32.00,269,269.32,0,24
2026-08-08T08:05:05.328943,31.80,32.00,268,269.20,-1,24
2026-08-08T08:06:09.435392,32.20,32.00,268,269.10,-1,24
2026-08-08T08:07:13.540234,32.30,32.00,268,268.96,0,24
2026-08-08T08:08:17.644280,32.30,32.00,268,268.83,0,23
2026-08-08T08:09:21.748536,32.30,32.00,268,268.70,0,23
2026-08-08T08:10:25.853060,32.30,32.00,268,268.63,0,24
2026-08-08T08:11:29.957242,32.30,32.00,268,268.53,0,24
2026-08-08T08:12:34.061472,32.30,32.00,268,268.42,0,24
2026-08-08T08:13:38.165951,32.30,32.00,268,268.38,0,24
2026-08-08T08:14:42.270898,32.30,31.00,268,268.24,0,24
2026-08-08T08:15:46.377252,32.30,31.00,267,268.17,-1,24
2026-08-08T08:16:50.482743,32.30,31.00,268,268.13,0,24
2026-08-08T08:17:54.588657,32.30,31.00,268,268.11,0,24
2026-08-08T08:18:58.693389,32.30,31.00,268,267.99,1,23
2026-08-08T08:20:02.799966,32.30,31.00,266,267.82,-1,24
2026-08-08T08:21:06.906330,32.30,31.00,266,267.59,-1,24
2026-08-08T08:22:11.013045,32.30,31.00,266,267.37,-1,24
2026-08-08T08:23:15.119670,32.30,31.00,265,267.11,-2,23
2026-08-08T08:24:19.225164,32.30,31.00,265,266.85,-1,24
2026-08-08T08:25:23.331531,32.30,31.00,265,266.62,-1,24
2026-08-08T08:26:27.438319,32.30,31.00,265,266.37,-1,24
2026-08-08T08:27:31.543495,32.30,31.00,266,266.29,0,24
2026-08-08T08:28:35.649056,32.30,31.00,266,266.25,0,23
2026-08-08T08:29:39.754563,32.30,31.00,267,266.28,1,23
2026-08-08T08:30:43.859867,32.30,31.00,267,266.39,1,24
2026-08-08T08:31:47.965250,32.30,31.00,267,266.47,1,24
2026-08-08T08:32:52.070591,32.30,31.00,268,266.60,2,24
2026-08-08T08:33:56.175942,32.30,31.00,268,266.76,2,24
2026-08-08T08:35:00.281851,32.30,31.00,268,266.89,2,23
2026-08-08T08:36:04.386684,32.30,31.00,268,267.04,1,24
2026-08-08T08:37:08.492028,32.30,31.00,268,267.16,1,24
2026-08-08T08:38:12.597657,32.80,31.00,268,267.31,1,24
2026-08-08T08:39:16.702829,32.80,31.00,268,267.38,1,24
2026-08-08T08:40:20.808219,32.30,31.00,269,267.58,2,24
2026-08-08T08:41:24.913731,32.30,31.00,269,267.77,2,24
2026-08-08T08:42:29.019386,32.60,31.00,269,267.95,2,24
2026-08-08T08:43:33.124974,32.80,31.00,269,268.09,1,23
2026-08-08T08:44:37.230296,32.80,31.00,270,268.32,2,24
2026-08-08T08:45:41.336357,32.80,31.00,270,268.54,2,24
2026-08-08T08:46:45.441667,32.80,31.00,269,268.66,1,23
2026-08-08T08:47:49.547123,32.80,31.00,269,268.70,1,24
2026-08-08T08:48:53.652723,32.70,31.00,270,268.80,2,24
2026-08-08T08:49:57.759237,32.50,31.00,269,268.90,1,24
2026-08-08T08:51:01.863468,32.30,31.00,269,268.95,1,24
2026-08-08T08:52:05.968452,32.80,31.00,271,269.05,2,24
2026-08-08T08:53:10.074509,32.80,31.00,271,269.33,2,24
2026-08-08T08:54:14.180027,32.80,31.00,269,269.38,0,24
2026-08-08T08:55:18.285579,32.80,31.00,269,269.35,0,24
2026-08-08T08:56:22.391323,32.80,31.00,269,269.30,0,24
2026-08-08T08:57:26.497078,32.80,31.00,269,269.26,0,24
2026-08-08T08:58:30.602659,32.80,31.00,269,269.23,0,23
2026-08-08T08:59:34.708874,32.80,31.00,269,269.20,0,24
2026-08-08T09:00:38.813811,32.80,31.00,269,269.17,0,24
2026-08-08T09:01:42.919595,32.80,31.00,269,269.15,0,24
2026-08-08T09:02:47.026071,32.80,31.00,269,269.13,0,24
2026-08-08T09:03:51.131169,32.80,31.00,269,269.11,0,24
2026-08-08T09:04:55.237684,32.80,31.00,269,269.10,0,23
2026-08-08T09:05:59.342771,32.80,31.00,269,269.08,0,24
2026-08-08T09:07:03.449078,32.80,31.00,269,269.00,1,24
2026-08-08T09:08:07.554703,32.80,31.00,268,268.88,0,24
2026-08-08T09:09:11.660646,32.80,31.00,268,268.71,0,24
2026-08-08T09:10:15.766724,32.80,31.00,267,268.50,-1,24
2026-08-08T09:11:19.872315,32.80,31.00,268,268.29,0,24
2026-08-08T09:12:23.978507,32.80,31.00,268,268.19,0,24
2026-08-08T09:13:28.084410,32.80,31.00,268,268.17,0,24
2026-08-08T09:14:32.190180,32.80,31.00,267,268.11,-1,24
2026-08-08T09:15:36.296321,32.80,30.00,266,267.90,-1,24
2026-08-08T09:16:40.402242,32.80,31.00,267,267.67,0,24
2026-08-08T09:17:44.508889,32.80,31.00,266,267.64,-1,23
2026-08-08T09:18:48.614791,32.80,30.00,266,267.50,-1,23
2026-08-08T09:19:52.721604,32.80,30.00,266,267.36,-1,24
2026-08-08T09:20:56.827002,32.80,30.00,265,267.16,-2,24
2026-08-08T09:22:00.931989,32.80,30.00,266,266.93,0,24
2026-08-08T09:23:05.037042,32.80,30.00,266,266.83,0,24
2026-08-08T09:24:09.141850,32.80,30.00,266,266.72,0,24
2026-08-08T09:25:13.247107,32.80,30.00,266,266.62,0,24
2026-08-08T09:26:17.351757,32.80,30.00,266,266.54,0,24
2026-08-08T09:27:21.456991,32.80,30.00,266,266.41,0,24
2026-08-08T09:28:25.561737,32.80,30.00,267,266.38,1,24
2026-08-08T09:29:29.667659,32.80,31.00,268,266.52,2,23
2026-08-08T09:30:33.772562,32.80,30.00,268,266.72,2,24
2026-08-08T09:31:37.877547,32.80,30.00,267,266.79,1,24
2026-08-08T09:32:41.982713,32.80,30.00,267,266.78,1,24
2026-08-08T09:33:46.087543,32.80,30.00,267,266.81,1,24
2026-08-08T09:34:50.192835,32.80,30.00,267,266.83,1,24
2026-08-08T09:35:54.297890,32.80,30.00,268,266.91,2,24
2026-08-08T09:36:58.403168,32.80,30.00,268,267.11,1,24
2026-08-08T09:38:02.507828,32.80,30.00,269,267.31,2,24
2026-08-08T09:39:06.612948,32.80,30.00,268,267.44,1,24
2026-08-08T09:40:10.718178,32.80,30.00,268,267.53,1,24
2026-08-08T09:41:14.822975,32.80,30.00,268,267.57,1,24
2026-08-08T09:42:18.928508,32.80,30.00,267,267.55,0,24
2026-08-08T09:43:23.033323,32.80,30.00,267,267.50,0,24
2026-08-08T09:44:27.137943,32.80,30.00,267,267.43,0,24
2026-08-08T09:45:31.243090,32.80,30.00,267,267.39,0,24
2026-08-08T09:46:35.348548,33.30,29.00,267,267.38,0,24
2026-08-08T09:47:39.453868,33.30,29.00,268,267.37,1,23
2026-08-08T09:48:43.559353,32.90,30.00,267,267.32,0,24
2026-08-08T09:49:47.664103,32.80,30.00,267,267.28,0,24
2026-08-08T09:50:51.769453,32.80,30.00,268,267.30,1,23
2026-08-08T09:51:55.874583,32.80,30.00,268,267.35,1,24
2026-08-08T09:52:59.979870,33.20,28.00,267,267.38,0,24
2026-08-08T09:54:04.084930,32.80,29.00,267,267.26,0,24
2026-08-08T09:55:08.189887,32.80,29.00,267,267.26,0,23
2026-08-08T09:56:12.295045,33.30,28.00,267,267.23,0,24
2026-08-08T09:57:16.400528,32.80,29.00,267,267.18,0,24
2026-08-08T09:58:20.505323,33.30,28.00,268,267.17,1,24
2026-08-08T09:59:24.610064,33.30,28.00,267,267.22,0,24
2026-08-08T10:00:28.714922,33.30,28.00,267,267.31,0,24
2026-08-08T10:01:32.819658,33.30,28.00,267,267.27,0,24
2026-08-08T10:02:36.924487,33.30,28.00,267,267.23,0,23
2026-08-08T10:03:41.029349,33.30,28.00,268,267.30,1,24
2026-08-08T10:04:45.134658,33.30,29.00,268,267.39,1,24
2026-08-08T10:05:49.238803,33.30,28.00,267,267.39,0,24
2026-08-08T10:06:53.343546,33.30,28.00,268,267.40,1,24
2026-08-08T10:07:57.447922,33.30,28.00,267,267.40,0,23
2026-08-08T10:09:01.553795,33.30,28.00,266,267.33,-1,24
2026-08-08T10:10:05.659635,33.30,28.00,265,267.15,-2,24
2026-08-08T10:11:09.765479,33.30,28.00,265,266.89,-1,23
2026-08-08T10:12:13.871367,33.30,28.00,265,266.64,-1,23
2026-08-08T10:13:17.977031,33.30,28.00,265,266.44,-1,24
2026-08-08T10:14:22.082820,33.30,28.00,265,266.27,-1,24
2026-08-08T10:15:26.187308,33.30,28.00,266,266.22,0,24
2026-08-08T10:16:30.291864,33.30,28.00,267,266.26,1,23
2026-08-08T10:17:34.396570,33.30,28.00,267,266.36,1,23
2026-08-08T10:18:38.501758,33.30,28.00,268,266.49,2,24
2026-08-08T10:19:42.606749,33.30,28.00,268,266.59,2,24
2026-08-08T10:20:46.711726,33.30,28.00,268,266.78,2,24
2026-08-08T10:21:50.815742,33.30,28.00,268,266.96,2,24
2026-08-08T10:22:54.921147,33.30,28.00,268,267.10,1,24
2026-08-08T10:23:59.025612,33.30,28.00,269,267.31,2,24
2026-08-08T10:25:03.130555,33.30,28.00,270,267.61,3,24
2026-08-08T10:26:07.235164,33.30,28.00,270,267.93,3,24
2026-08-08T10:27:11.340389,33.30,28.00,271,268.31,3,24
2026-08-08T10:28:15.445377,33.30,28.00,271,268.78,3,24
2026-08-08T10:29:19.549606,33.30,28.00,271,269.05,2,24
2026-08-08T10:30:23.654367,33.30,28.00,271,269.26,2,24
2026-08-08T10:31:27.758733,33.30,28.00,271,269.50,2,24
2026-08-08T10:32:31.863513,33.30,28.00,272,269.85,3,23
2026-08-08T10:33:35.969689,33.30,27.00,272,270.12,2,24
2026-08-08T10:34:40.076912,33.30,27.00,271,270.23,1,24
2026-08-08T10:35:44.183597,33.30,27.00,270,270.24,0,24
2026-08-08T10:36:48.288802,33.30,28.00,270,270.26,0,24
2026-08-08T10:37:52.394661,33.30,27.00,270,270.23,0,24
2026-08-08T10:38:56.502874,33.30,27.00,269,270.16,-1,24
2026-08-08T10:40:00.609870,33.30,27.00,269,270.04,-1,24
2026-08-08T10:41:04.716839,33.30,27.00,269,269.90,0,23
2026-08-08T10:42:08.824385,33.30,27.00,268,269.63,-1,24
2026-08-08T10:43:12.932055,33.30,27.00,266,269.23,-3,24
2026-08-08T10:44:17.039718,33.30,27.00,266,268.80,-2,24
2026-08-08T10:45:21.147614,33.30,27.00,266,268.41,-2,24
2026-08-08T10:46:25.254829,33.30,26.00,266,268.04,-2,24
2026-08-08T10:47:29.362416,33.30,26.00,264,267.60,-3,23
2026-08-08T10:48:33.468662,33.30,26.00,265,267.28,-2,24
2026-08-08T10:49:37.576166,33.30,27.00,266,267.09,-1,24
2026-08-08T10:50:41.682741,33.30,27.00,267,267.02,0,24
2026-08-08T10:51:45.789623,33.30,27.00,268,267.01,1,24
2026-08-08T10:52:49.896161,33.30,26.00,268,267.17,1,24
2026-08-08T10:53:54.002817,33.30,26.00,266,267.15,-1,23
2026-08-08T10:54:58.109608,33.30,26.00,266,267.03,-1,24
2026-08-08T10:56:02.215842,33.30,26.00,266,266.88,0,24
2026-08-08T10:57:06.321805,33.30,26.00,266,266.76,0,24
2026-08-08T10:58:10.427326,33.70,26.00,268,266.82,2,24
2026-08-08T10:59:14.532313,33.80,26.00,269,267.07,2,24
2026-08-08T11:00:18.637303,33.80,26.00,270,267.42,3,24
2026-08-08T11:01:22.742254,33.80,26.00,269,267.68,2,23
2026-08-08T11:02:26.847926,33.80,26.00,268,267.74,1,24
2026-08-08T11:03:30.953472,33.80,26.00,268,267.77,1,24
2026-08-08T11:04:35.057746,33.80,26.00,268,267.80,1,24
2026-08-08T11:05:39.162848,33.80,26.00,268,267.83,1,23
2026-08-08T11:06:43.268049,33.70,26.00,268,267.80,1,24
2026-08-08T11:07:47.374158,33.80,26.00,266,267.69,-1,24
2026-08-08T11:08:51.479796,33.30,26.00,267,267.62,0,24
2026-08-08T11:09:55.585331,33.30,26.00,267,267.55,0,24
2026-08-08T11:10:59.692540,33.30,26.00,266,267.37,-1,24
2026-08-08T11:12:03.798710,33.70,25.00,265,267.13,-2,24
2026-08-08T11:13:07.904697,33.80,25.00,265,266.83,-1,24
2026-08-08T11:14:12.010461,33.80,25.00,264,266.49,-2,24
2026-08-08T11:15:16.116266,33.80,25.00,264,266.20,-2,24
2026-08-08T11:16:20.222407,33.80,26.00,264,265.93,-1,24
2026-08-08T11:17:24.328213,33.80,26.00,264,265.71,-1,24
2026-08-08T11:18:28.433470,33.80,26.00,265,265.60,0,24
2026-08-08T11:19:32.538065,33.80,26.00,265,265.52,0,24
2026-08-08T11:20:36.643751,33.80,26.00,265,265.45,0,24
2026-08-08T11:21:40.749025,33.80,26.00,264,265.35,-1,24
2026-08-08T11:22:44.854850,33.80,26.00,266,265.40,1,24
2026-08-08T11:23:48.959180,33.80,26.00,267,265.58,2,24
2026-08-08T11:24:53.064561,33.80,26.00,268,265.82,3,24
2026-08-08T11:25:57.169913,33.80,26.00,269,266.13,3,24
2026-08-08T11:27:01.274997,33.80,26.00,269,266.56,3,24
2026-08-08T11:28:05.379680,33.80,26.00,271,267.05,4,24
2026-08-08T11:29:09.484786,33.80,26.00,271,267.65,4,24
2026-08-08T11:30:13.589876,33.80,26.00,273,268.24,5,24
2026-08-08T11:31:17.694733,33.80,26.00,272,268.78,4,24
2026-08-08T11:32:21.799479,33.80,26.00,272,269.30,3,24
2026-08-08T11:33:25.904597,33.80,26.00,272,269.65,3,24
2026-08-08T11:34:30.009935,33.80,26.00,270,269.75,1,24
2026-08-08T11:35:34.115102,33.80,26.00,270,269.86,1,24
2026-08-08T11:36:38.220009,33.80,26.00,270,269.93,1,24
2026-08-08T11:37:42.324770,33.80,26.00,270,270.00,1,24
2026-08-08T11:38:46.430118,33.80,26.00,270,270.05,0,23
2026-08-08T11:39:50.534941,33.80,26.00,269,269.99,0,24
2026-08-08T11:40:54.640499,33.80,26.00,269,269.86,0,24
2026-08-08T11:41:58.745396,33.80,26.00,269,269.67,0,24
2026-08-08T11:43:02.850095,33.80,26.00,271,269.66,2,24
2026-08-08T11:44:06.955369,33.80,26.00,271,269.84,2,24
2026-08-08T11:45:11.060317,33.80,26.00,270,269.97,1,24
2026-08-08T11:46:15.165423,33.80,26.00,271,270.07,1,24
2026-08-08T11:47:19.271434,33.80,26.00,272,270.32,2,24
2026-08-08T11:48:23.375093,33.80,26.00,271,270.52,1,24
2026-08-08T11:49:27.481315,33.80,26.00,269,270.43,-1,24
2026-08-08T11:50:31.586802,33.80,26.00,270,270.27,0,24
2026-08-08T11:51:35.691387,33.80,26.00,270,270.23,0,24
2026-08-08T11:52:39.796528,33.80,25.00,270,270.22,0,24
2026-08-08T11:53:43.901224,33.80,25.00,271,270.27,1,24
2026-08-08T11:54:48.006185,33.80,25.00,270,270.31,0,24
2026-08-08T11:55:52.110547,33.80,25.00,270,270.17,0,24
2026-08-08T11:56:56.215450,33.80,25.00,271,270.28,1,24
2026-08-08T11:58:00.319726,33.80,24.00,270,270.24,0,24
2026-08-08T11:59:04.425452,33.80,24.00,268,270.06,-2,24
2026-08-08T12:00:08.530951,33.80,25.00,268,269.81,-1,23
2026-08-08T12:01:12.636499,33.80,25.00,267,269.51,-2,24
2026-08-08T12:02:16.743352,34.20,25.00,267,269.18,-2,24
2026-08-08T12:03:20.849271,34.20,25.00,268,268.95,0,24
2026-08-08T12:04:24.955047,34.20,25.00,268,268.73,0,24
2026-08-08T12:05:29.060428,34.20,25.00,268,268.63,0,24
2026-08-08T12:06:33.166228,34.20,25.00,270,268.67,2,24
2026-08-08T12:07:37.271858,34.20,25.00,269,268.71,1,24
2026-08-08T12:08:41.377931,34.20,25.00,269,268.75,1,24
2026-08-08T12:09:45.483373,34.20,25.00,269,268.74,1,23
2026-08-08T12:10:49.589517,34.20,25.00,268,268.65,0,24
2026-08-08T12:11:53.694741,34.20,24.00,268,268.49,0,24
2026-08-08T12:12:57.800795,34.20,24.00,270,268.60,2,24
2026-08-08T12:14:01.905679,34.20,24.00,270,268.97,2,24
2026-08-08T12:15:06.012304,34.20,23.00,267,268.87,-1,24
2026-08-08T12:16:10.117953,34.20,23.00,268,268.66,0,24
2026-08-08T12:17:14.224124,34.20,23.00,268,268.60,0,24
2026-08-08T12:18:18.329736,34.20,23.00,269,268.61,1,24
2026-08-08T12:19:22.436589,34.20,24.00,267,268.53,-1,24
2026-08-08T12:20:26.541396,34.20,24.00,268,268.46,0,24
2026-08-08T12:21:30.646635,34.20,24.00,268,268.40,0,24
2026-08-08T12:22:34.751952,34.20,24.00,268,268.38,0,24
2026-08-08T12:23:38.856926,34.20,24.00,268,268.35,0,24
2026-08-08T12:24:42.962535,34.20,24.00,268,268.32,0,24
2026-08-08T12:25:47.067310,34.20,24.00,270,268.42,2,24
2026-08-08T12:26:51.172406,34.20,24.00,268,268.36,0,24
2026-08-08T12:27:55.278238,34.20,24.00,267,268.20,-1,24
2026-08-08T12:28:59.383268,34.20,24.00,268,268.14,0,23
2026-08-08T12:30:03.488931,34.20,23.00,269,268.14,1,23
2026-08-08T12:31:07.595798,34.20,23.00,267,268.10,-1,24
2026-08-08T12:32:11.703086,34.20,23.00,266,267.89,-1,24
2026-08-08T12:33:15.810086,34.20,23.00,266,267.62,-1,24
2026-08-08T12:34:19.917136,34.20,23.00,265,267.33,-2,24
2026-08-08T12:35:24.024442,34.20,23.00,266,267.07,-1,24
2026-08-08T12:36:28.131489,34.20,23.00,263,266.64,-3,24
2026-08-08T12:37:32.238117,34.20,23.00,262,266.10,-4,24
2026-08-08T12:38:36.344902,34.20,23.00,262,265.65,-3,24
2026-08-08T12:39:40.452176,34.20,23.00,261,265.06,-4,24
2026-08-08T12:40:44.559007,34.20,23.00,260,264.41,-4,24
2026-08-08T12:41:48.665864,34.20,23.00,260,263.83,-3,24
2026-08-08T12:42:52.773815,34.20,23.00,260,263.32,-3,24
2026-08-08T12:43:56.879889,34.20,23.00,260,262.88,-2,24
2026-08-08T12:45:00.986892,34.30,23.00,260,262.50,-2,24
2026-08-08T12:46:05.094178,34.20,23.00,260,262.17,-2,24
2026-08-08T12:47:09.201569,34.20,23.00,261,262.00,-1,24
2026-08-08T12:48:13.307179,34.20,22.00,261,261.87,0,24
2026-08-08T12:49:17.413463,34.20,21.00,260,261.66,-1,24
2026-08-08T12:50:21.519757,34.20,21.00,260,261.44,-1,24
2026-08-08T12:51:25.626648,34.40,21.00,259,261.17,-2,24
2026-08-08T12:52:29.731952,34.20,21.00,260,260.91,0,23
2026-08-08T12:53:33.837391,34.20,21.00,260,260.79,0,24
2026-08-08T12:54:37.942758,34.20,21.00,260,260.61,0,24
2026-08-08T12:55:42.048368,34.30,21.00,260,260.46,0,24
2026-08-08T12:56:46.154258,34.20,21.00,260,260.40,0,24
2026-08-08T12:57:50.259618,34.20,21.00,260,260.34,0,24
2026-08-08T12:58:54.365364,34.20,21.00,262,260.36,2,23
2026-08-08T12:59:58.471044,34.30,21.00,261,260.48,1,24
2026-08-08T13:01:02.577022,34.40,21.00,262,260.61,2,24
2026-08-08T13:02:06.683038,34.60,21.00,262,260.79,2,24
2026-08-08T13:03:10.789444,34.60,21.00,262,260.95,2,24
2026-08-08T13:04:14.894788,34.70,21.00,263,261.22,2,24
2026-08-08T13:05:19.001545,34.70,21.00,263,261.46,2,24
2026-08-08T13:06:23.107004,34.70,21.00,263,261.62,2,24
2026-08-08T13:07:27.213704,34.70,21.00,263,261.71,2,24
2026-08-08T13:08:31.320513,34.70,21.00,261,261.78,0,24
2026-08-08T13:09:35.427433,34.70,21.00,258,261.49,-3,24
2026-08-08T13:10:39.534988,34.70,21.00,258,261.05,-3,24
2026-08-08T13:11:43.641644,34.20,21.00,257,260.53,-3,24
2026-08-08T13:12:47.748353,34.20,21.00,256,259.95,-3,24
2026-08-08T13:13:51.854861,34.20,21.00,255,259.41,-4,24
2026-08-08T13:14:55.962126,34.70,21.00,254,258.82,-4,24
2026-08-08T13:16:00.069375,34.70,21.00,254,258.12,-4,24
2026-08-08T13:17:04.176348,34.70,21.00,256,257.82,-1,24
2026-08-08T13:18:08.283913,34.70,20.00,255,257.48,-2,24
2026-08-08T13:19:12.391303,34.70,21.00,254,257.04,-3,24
2026-08-08T13:20:16.497856,34.70,21.00,256,256.81,0,24
2026-08-08T13:21:20.604468,34.70,21.00,256,256.73,0,24
2026-08-08T13:22:24.710657,34.70,21.00,256,256.63,0,24
2026-08-08T13:23:28.816871,34.70,21.00,256,256.47,0,24
2026-08-08T13:24:32.923362,34.70,21.00,256,256.34,0,24
2026-08-08T13:25:37.029785,34.70,21.00,256,256.29,0,24
2026-08-08T13:26:41.137703,34.70,21.00,255,256.12,-1,24
2026-08-08T13:27:45.243626,34.70,21.00,255,255.98,0,24
2026-08-08T13:28:49.350891,34.70,21.00,255,255.86,0,24
2026-08-08T13:29:53.456350,34.70,21.00,256,255.79,1,24
2026-08-08T13:30:57.562726,34.70,21.00,255,255.70,0,24
2026-08-08T13:32:01.668684,34.70,20.00,256,255.67,1,24
2026-08-08T13:33:05.775785,34.70,20.00,254,255.60,-1,24
2026-08-08T13:34:09.881949,34.70,20.00,255,255.52,0,24
2026-08-08T13:35:13.988180,34.70,20.00,255,255.52,0,24
2026-08-08T13:36:18.093848,34.70,20.00,257,255.46,2,24
2026-08-08T13:37:22.200297,34.70,20.00,257,255.68,2,24
2026-08-08T13:38:26.305882,34.70,20.00,256,255.80,1,24
2026-08-08T13:39:30.412028,34.70,20.00,256,255.83,1,24
2026-08-08T13:40:34.518043,34.70,20.00,258,256.09,2,24
2026-08-08T13:41:38.623987,34.70,20.00,260,256.54,4,24
2026-08-08T13:42:42.730182,34.70,20.00,260,256.94,4,24
2026-08-08T13:43:46.836336,34.70,20.00,258,257.19,1,24
2026-08-08T13:44:50.942148,34.70,20.00,259,257.33,2,24
2026-08-08T13:45:55.048162,34.70,20.00,259,257.55,2,24
2026-08-08T13:46:59.154018,34.70,20.00,260,257.73,3,24
2026-08-08T13:48:03.260160,34.70,20.00,259,257.90,2,24
2026-08-08T13:49:07.366434,34.70,20.00,259,258.08,1,24
2026-08-08T13:50:11.472434,34.70,20.00,260,258.32,2,24
2026-08-08T13:51:15.578453,34.70,20.00,259,258.55,1,24
2026-08-08T13:52:19.684646,34.70,20.00,259,258.65,1,24
2026-08-08T13:53:23.790581,34.70,20.00,258,258.62,0,23
2026-08-08T13:54:27.897654,34.70,20.00,257,258.50,-1,24
2026-08-08T13:55:32.004682,34.70,20.00,257,258.32,-1,24
2026-08-08T13:56:36.111569,34.70,20.00,257,258.14,-1,24
2026-08-08T13:57:40.219120,34.70,20.00,257,258.01,-1,24
2026-08-08T13:58:44.326174,34.70,20.00,256,257.86,-1,24
2026-08-08T13:59:48.433250,34.70,20.00,256,257.60,-1,24
2026-08-08T14:00:52.539978,34.70,20.00,259,257.67,2,24
2026-08-08T14:01:56.645147,34.70,20.00,259,257.83,2,24
2026-08-08T14:03:00.751882,34.70,20.00,260,258.08,2,24
2026-08-08T14:04:04.857540,34.70,20.00,260,258.31,2,24
2026-08-08T14:05:08.963739,34.70,20.00,260,258.54,2,24
2026-08-08T14:06:13.069764,34.70,20.00,260,258.75,2,24
2026-08-08T14:07:17.175583,34.70,20.00,260,258.93,2,24
2026-08-08T14:08:21.281939,34.70,20.00,260,259.09,1,24
2026-08-08T14:09:25.387576,34.70,20.00,260,259.23,1,24
2026-08-08T14:10:29.494008,34.70,20.00,259,259.23,0,24
2026-08-08T14:11:33.599821,34.70,20.00,259,259.20,0,24
2026-08-08T14:12:37.706109,34.80,20.00,259,259.18,0,24
2026-08-08T14:13:41.811443,34.70,20.00,259,259.04,0,24
2026-08-08T14:14:45.917080,35.20,19.00,260,259.15,1,24
2026-08-08T14:15:50.022625,35.20,19.00,261,259.34,2,24
2026-08-08T14:16:54.127814,35.20,19.00,261,259.54,2,24
2026-08-08T14:17:58.233328,35.20,19.00,261,259.71,2,24
2026-08-08T14:19:02.338698,35.20,19.00,262,259.96,3,24
2026-08-08T14:20:06.444153,35.20,19.00,263,260.25,3,24
2026-08-08T14:21:10.549802,35.20,19.00,262,260.50,2,24
2026-08-08T14:22:14.654986,35.20,19.00,260,260.56,0,24
2026-08-08T14:23:18.760265,35.20,19.00,260,260.55,0,24
2026-08-08T14:24:22.865490,35.20,19.00,261,260.72,1,24
2026-08-08T14:25:26.971187,35.20,19.00,260,260.71,0,24
2026-08-08T14:26:31.076642,35.20,19.00,261,260.70,1,24
2026-08-08T14:27:35.182176,35.20,19.00,262,260.85,2,24
2026-08-08T14:28:39.287809,35.20,19.00,264,261.12,3,24
2026-08-08T14:29:43.392991,35.20,19.00,263,261.33,2,24
2026-08-08T14:30:47.498594,35.20,19.00,264,261.59,3,24
2026-08-08T14:31:51.604053,35.20,19.00,265,262.02,3,24
2026-08-08T14:32:55.709841,35.20,19.00,263,262.32,1,23
2026-08-08T14:33:59.815068,35.20,19.00,263,262.48,1,24
2026-08-08T14:35:03.920640,35.20,19.00,264,262.55,2,23
2026-08-08T14:36:08.026181,35.20,19.00,263,262.63,1,24
2026-08-08T14:37:12.131360,35.20,19.00,262,262.60,0,24
2026-08-08T14:38:16.237943,35.20,19.00,261,262.43,-1,24
2026-08-08T14:39:20.344787,35.20,19.00,261,262.26,-1,24
2026-08-08T14:40:24.450899,35.20,19.00,261,262.09,-1,24
2026-08-08T14:41:28.556184,35.20,19.00,261,261.95,0,24
2026-08-08T14:42:32.662039,35.20,19.00,261,261.84,0,24
2026-08-08T14:43:36.767475,35.20,19.00,264,261.91,3,24
2026-08-08T14:44:40.873091,35.20,19.00,264,262.03,2,24
2026-08-08T14:45:44.978517,35.20,19.00,263,262.23,1,24
2026-08-08T14:46:49.084018,35.20,19.00,263,262.28,1,24
2026-08-08T14:47:53.189022,35.20,19.00,262,262.26,0,24
2026-08-08T14:48:57.296140,35.50,19.00,261,262.17,-1,24
2026-08-08T14:50:01.403186,35.60,19.00,261,262.01,-1,23
2026-08-08T14:51:05.510171,35.60,19.00,260,261.82,-1,24
2026-08-08T14:52:09.617207,35.60,19.00,257,261.33,-4,23
2026-08-08T14:53:13.724505,35.60,19.00,258,260.86,-2,24
2026-08-08T14:54:17.831375,35.60,19.00,258,260.48,-2,24
2026-08-08T14:55:21.938788,35.20,19.00,257,260.04,-3,24
2026-08-08T14:56:26.045178,35.20,19.00,256,259.66,-3,23
2026-08-08T14:57:30.151411,35.20,19.00,257,259.21,-2,24
2026-08-08T14:58:34.258311,35.20,19.00,258,259.04,-1,24
2026-08-08T14:59:38.363659,35.20,19.00,259,258.97,1,24
2026-08-08T15:00:42.468654,35.20,19.00,259,259.00,1,24
2026-08-08T15:01:46.575203,35.60,19.00,258,258.88,0,24
2026-08-08T15:02:50.681246,35.60,19.00,259,258.82,1,24
2026-08-08T15:03:54.787443,35.60,19.00,258,258.83,0,24
2026-08-08T15:04:58.893583,35.60,19.00,258,258.75,0,24
2026-08-08T15:06:02.999179,35.60,19.00,260,258.83,2,24
2026-08-08T15:07:07.105498,35.60,19.00,261,259.06,2,24
2026-08-08T15:08:11.211485,35.60,19.00,262,259.39,3,24
2026-08-08T15:09:15.317488,35.60,19.00,261,259.68,2,24
2026-08-08T15:10:19.423645,35.60,19.00,262,259.87,3,24
2026-08-08T15:11:23.529440,35.60,19.00,262,260.10,2,24
2026-08-08T15:12:27.635553,35.60,19.00,262,260.31,2,24
2026-08-08T15:13:31.741973,35.60,19.00,263,260.57,3,24
2026-08-08T15:14:35.848056,35.60,19.00,260,260.66,0,24
2026-08-08T15:15:39.954048,35.60,19.00,261,260.63,1,24
2026-08-08T15:16:44.059924,35.60,19.00,262,260.80,2,24
2026-08-08T15:17:48.165750,35.60,19.00,262,260.96,2,24
2026-08-08T15:18:52.271943,35.60,19.00,263,261.17,2,24
2026-08-08T15:19:56.378110,35.60,19.00,262,261.32,1,24
2026-08-08T15:21:00.484541,35.60,19.00,261,261.37,0,24
2026-08-08T15:22:04.591431,35.60,19.00,260,261.30,-1,24
2026-08-08T15:23:08.698441,35.60,19.00,260,261.15,-1,24
2026-08-08T15:24:12.804560,35.60,19.00,261,261.09,0,24
2026-08-08T15:25:16.910973,35.60,19.00,261,261.10,0,24
2026-08-08T15:26:21.016515,35.60,20.00,263,261.20,2,24
2026-08-08T15:27:25.123770,35.60,20.00,263,261.44,2,24
2026-08-08T15:28:29.228658,35.60,20.00,264,261.78,3,24
2026-08-08T15:31:31.520954,35.60,19.00,262,264.75,-2,24
2026-08-08T15:32:35.627506,35.60,20.00,259,264.10,-5,24
2026-08-08T15:33:39.735067,35.60,19.00,261,263.58,-2,24
2026-08-08T15:34:43.841357,35.60,19.00,260,263.14,-3,24
2026-08-08T15:35:47.948352,35.60,19.00,260,262.73,-2,24
2026-08-08T15:36:52.055897,35.60,19.00,261,262.41,-1,24
2026-08-08T15:37:56.163125,35.60,19.00,260,262.07,-2,24
2026-08-08T15:39:00.268830,35.60,19.00,261,261.84,0,24
2026-08-08T15:40:04.375827,35.60,19.00,260,261.71,-1,24
2026-08-08T15:41:08.482600,36.00,19.00,260,261.81,-1,24
2026-08-08T15:42:12.589053,36.30,19.00,259,261.44,-2,24
2026-08-08T15:43:16.696665,36.30,19.00,256,260.83,-4,24
2026-08-08T15:44:20.803271,36.30,19.00,257,260.21,-3,23
2026-08-08T15:45:24.910278,36.30,19.00,256,259.70,-3,24
2026-08-08T15:46:29.017173,36.30,19.00,256,259.26,-3,24
2026-08-08T15:47:33.124916,36.30,20.00,258,259.04,-1,24
2026-08-08T15:48:37.231156,36.30,20.00,258,259.02,-1,24
2026-08-08T15:49:41.337518,36.30,20.00,259,258.92,1,24
2026-08-08T15:50:45.442496,36.30,20.00,258,258.88,0,24
2026-08-08T15:51:49.548768,36.30,20.00,259,258.80,1,24
2026-08-08T15:52:53.655577,36.30,20.00,256,258.65,-2,24
2026-08-08T15:53:57.761341,36.30,20.00,258,258.45,0,24
2026-08-08T15:55:01.867072,36.30,19.00,258,258.39,0,24
2026-08-08T15:56:05.973827,36.30,19.00,257,258.28,-1,24
2026-08-08T15:57:10.080806,36.30,19.00,257,258.22,-1,24
2026-08-08T15:58:14.188150,36.30,19.00,256,258.06,-2,24
2026-08-08T15:59:18.294796,36.30,19.00,257,257.94,0,24
2026-08-08T16:00:22.400062,36.30,19.00,258,257.88,1,24
2026-08-08T16:01:26.505063,36.30,19.00,259,258.02,1,24
2026-08-08T16:02:30.610845,36.90,19.00,260,258.21,2,24
2026-08-08T16:03:34.715044,36.90,19.00,260,258.47,2,24
2026-08-08T16:04:38.819894,36.90,19.00,261,258.69,3,24
2026-08-08T16:05:42.924645,36.90,19.00,262,259.05,3,24
2026-08-08T16:06:47.029973,36.90,19.00,262,259.44,3,24
2026-08-08T16:07:51.135197,36.90,19.00,263,259.90,4,24
2026-08-08T16:08:55.239918,36.90,19.00,265,260.44,5,24
2026-08-08T16:09:59.343894,36.90,19.00,266,261.16,5,24
2026-08-08T16:11:03.449270,36.90,19.00,265,261.70,4,24
2026-08-08T16:12:07.553810,36.90,19.00,266,262.21,4,24
2026-08-08T16:13:11.658559,36.90,19.00,265,262.41,3,24
2026-08-08T16:14:15.763753,36.90,19.00,268,263.06,5,24
2026-08-08T16:15:19.867736,36.90,19.00,270,263.83,7,24
2026-08-08T16:16:23.973009,36.90,19.00,271,264.66,7,24
2026-08-08T16:17:28.077938,36.90,19.00,269,265.40,4,24
2026-08-08T16:18:32.182716,36.90,19.00,271,266.03,5,24
2026-08-08T16:19:36.287364,36.90,19.00,272,266.85,6,24
2026-08-08T16:20:40.392727,36.90,19.00,269,267.30,2,24
2026-08-08T16:21:44.497950,37.40,19.00,269,267.56,2,24
2026-08-08T16:22:48.603339,37.40,19.00,268,267.71,1,24
2026-08-08T16:23:52.709758,37.40,19.00,269,267.88,2,24
2026-08-08T16:24:56.815072,37.40,19.00,268,267.93,1,24
2026-08-08T16:26:00.921269,37.40,19.00,268,267.94,1,24
2026-08-08T16:27:05.026654,37.40,19.00,268,267.95,1,24
2026-08-08T16:28:09.132492,37.40,19.00,268,267.92,1,24
2026-08-08T16:29:13.238354,37.40,19.00,268,267.93,1,24
2026-08-08T16:30:17.344115,37.40,19.00,268,267.94,1,24
2026-08-08T16:31:21.449726,37.40,19.00,268,267.95,1,24
2026-08-08T16:32:25.555738,37.40,19.00,267,267.93,0,24
2026-08-08T16:33:29.661063,37.40,19.00,267,267.87,0,24
2026-08-08T16:34:33.767264,37.40,19.00,268,267.81,1,24
2026-08-08T16:35:37.872556,37.40,19.00,267,267.71,0,24
2026-08-08T16:36:41.978534,37.40,19.00,267,267.61,0,24
2026-08-08T16:37:46.084624,37.40,19.00,267,267.55,0,24
2026-08-08T16:38:50.190281,37.40,19.00,267,267.46,0,24
2026-08-08T16:39:54.296509,37.40,19.00,266,267.40,-1,24
2026-08-08T16:40:58.403034,37.40,19.00,267,267.29,0,24
2026-08-08T16:42:02.508534,37.40,19.00,267,267.34,0,24
2026-08-08T16:43:06.613693,37.40,19.00,267,267.34,0,24
2026-08-08T16:44:10.719478,37.40,19.00,268,267.40,1,24
2026-08-08T16:45:14.825869,37.40,19.00,270,267.64,3,24
2026-08-08T16:46:18.931600,37.40,19.00,269,267.72,2,24
2026-08-08T16:47:23.036832,37.40,19.00,268,267.82,1,24
2026-08-08T16:48:27.143159,37.40,19.00,268,267.84,1,24
2026-08-08T16:49:31.248926,37.40,19.00,269,267.98,2,24
2026-08-08T16:50:35.354500,37.40,19.00,267,267.90,0,24
2026-08-08T16:51:39.460425,37.40,19.00,267,267.86,0,24
2026-08-08T16:52:43.566288,37.40,19.00,268,267.82,1,24
2026-08-08T16:53:47.672026,37.40,19.00,272,268.15,4,24
2026-08-08T16:54:51.777925,37.40,19.00,272,268.72,4,24
2026-08-08T16:55:55.883871,37.40,19.00,272,269.15,3,24
2026-08-08T16:56:59.989389,37.40,19.00,274,269.68,5,24
2026-08-08T16:58:04.095248,37.40,20.00,273,270.21,3,24
2026-08-08T16:59:08.200866,37.40,20.00,275,270.73,5,24
2026-08-08T17:00:12.306815,37.40,20.00,275,271.29,4,24
2026-08-08T17:01:16.412419,37.40,20.00,274,271.76,3,24
2026-08-08T17:02:20.518256,37.30,20.00,275,272.21,3,24
2026-08-08T17:03:24.622746,36.90,20.00,277,272.77,5,24
2026-08-08T17:04:28.727681,36.90,20.00,278,273.33,5,24
2026-08-08T17:05:32.832582,36.90,20.00,277,273.79,4,24
2026-08-08T17:06:36.937330,36.90,21.00,279,274.37,5,24
2026-08-08T17:07:41.044344,36.90,22.00,278,274.94,4,24
2026-08-08T17:08:45.148259,36.90,23.00,281,275.72,6,24
2026-08-08T17:09:49.253674,36.90,23.00,282,276.54,6,24
2026-08-08T17:10:53.359226,36.90,23.00,280,277.10,3,24
2026-08-08T17:11:57.463851,36.90,24.00,279,277.41,2,24
2026-08-08T17:13:01.569838,36.90,25.00,279,277.62,2,24
2026-08-08T17:14:05.674680,36.90,25.00,279,277.80,2,24
2026-08-08T17:15:09.780313,36.90,25.00,279,277.89,2,24
2026-08-08T17:16:13.885848,36.90,26.00,280,278.05,2,24
2026-08-08T17:17:17.992123,36.90,26.00,280,278.35,2,24
2026-08-08T17:18:22.097704,36.30,27.00,282,278.72,4,24
2026-08-08T17:19:26.203015,36.30,28.00,283,279.25,4,24
2026-08-08T17:20:30.308602,36.40,28.00,285,279.93,6,24
2026-08-08T17:21:34.413694,36.90,28.00,286,280.66,6,24
2026-08-08T17:22:38.518891,36.90,26.00,285,281.27,4,24
2026-08-08T17:23:42.624603,36.90,26.00,282,281.55,1,24
2026-08-08T17:24:46.730477,36.90,26.00,283,281.74,2,24
2026-08-08T17:25:50.835905,36.90,28.00,284,281.97,3,24
2026-08-08T17:26:54.941298,36.90,28.00,285,282.35,3,24
2026-08-08T17:27:59.047249,36.90,28.00,286,282.83,4,24
2026-08-08T17:29:03.152309,36.90,29.00,287,283.33,4,24
2026-08-08T17:30:07.258226,36.90,29.00,288,283.92,5,24
2026-08-08T17:31:11.363497,36.90,28.00,288,284.46,4,24
2026-08-08T17:32:15.469071,36.90,28.00,287,284.87,3,24
2026-08-08T17:33:19.574904,36.90,29.00,289,285.30,4,24
2026-08-08T17:34:23.680387,36.90,29.00,290,285.83,5,24
2026-08-08T17:35:27.786333,36.90,29.00,290,286.38,4,24
2026-08-08T17:36:31.892101,36.90,29.00,289,286.78,3,24
2026-08-08T17:37:35.997971,36.90,29.00,289,287.09,2,24
2026-08-08T17:38:40.103506,36.90,29.00,290,287.36,3,24
2026-08-08T17:39:44.209846,36.90,29.00,290,287.68,3,24
2026-08-08T17:40:48.315236,36.90,29.00,290,287.98,3,24
2026-08-08T17:41:52.421472,36.90,29.00,290,288.25,2,24
2026-08-08T17:42:56.527270,36.90,29.00,290,288.42,2,24
2026-08-08T17:44:00.632756,36.90,30.00,291,288.76,3,24
2026-08-08T17:45:04.739260,36.90,30.00,291,289.04,2,24
2026-08-08T17:46:08.844942,36.90,30.00,290,289.22,1,24
2026-08-08T17:47:12.950316,36.90,30.00,291,289.44,2,24
2026-08-08T17:48:17.056965,36.90,30.00,291,289.64,2,24
2026-08-08T17:49:21.162835,36.90,30.00,291,289.82,2,24
2026-08-08T17:50:25.268920,36.90,30.00,291,290.03,1,24
2026-08-08T17:51:29.374541,36.90,29.00,291,290.18,1,24
2026-08-08T17:52:33.480310,36.90,29.00,291,290.30,1,24
2026-08-08T17:53:37.586016,36.90,30.00,294,290.63,4,24
2026-08-08T17:54:41.692429,36.90,30.00,293,290.94,3,24
2026-08-08T17:55:45.798609,36.90,30.00,292,291.12,1,24
2026-08-08T17:56:49.904521,36.90,30.00,292,291.21,1,24
2026-08-08T17:57:54.010526,36.90,30.00,292,291.32,1,24
2026-08-08T17:58:58.116290,36.90,30.00,293,291.58,2,24
2026-08-08T18:00:02.222859,36.90,30.00,297,291.90,6,24
2026-08-08T18:01:06.335612,36.90,30.00,306,293.40,13,24
2026-08-08T18:02:10.453837,36.90,30.00,305,295.04,10,24
2026-08-08T18:03:14.564630,36.90,30.00,311,296.36,15,24
2026-08-08T18:04:18.681002,36.90,30.00,310,298.03,12,24
2026-08-08T18:05:22.799141,36.50,30.00,324,301.11,23,24
2026-08-08T18:06:26.916493,36.30,30.00,317,303.57,14,24
2026-08-08T18:07:31.033806,36.90,30.00,315,305.11,10,24
2026-08-08T18:08:35.150190,36.90,31.00,318,306.58,12,24
2026-08-08T18:09:39.267933,36.30,31.00,324,308.95,16,24
2026-08-08T18:10:43.385448,36.30,31.00,320,310.64,10,24
2026-08-08T18:11:47.494466,36.30,31.00,319,311.86,8,24
2026-08-08T18:12:51.600388,36.30,31.00,313,312.34,1,24
2026-08-08T18:13:55.706717,36.30,31.00,313,312.44,1,24
2026-08-08T18:14:59.811652,36.30,32.00,313,312.74,1,24
2026-08-08T18:16:03.916463,36.30,32.00,312,312.73,0,24
2026-08-08T18:45:42.805079,35.20,35.00,293,294.88,-1,24
2026-08-08T18:46:46.911221,35.20,35.00,293,294.65,-1,24
2026-08-08T18:47:51.017562,35.20,34.00,292,294.38,-2,24
2026-08-08T18:49:51.262651,35.60,34.00,292,292.90,0,24
2026-08-08T18:50:55.369211,35.60,34.00,293,292.80,1,24
2026-08-08T18:51:59.474068,36.30,34.00,292,292.72,0,24
2026-08-08T18:53:03.580049,36.30,34.00,291,292.53,-1,24
2026-08-08T18:54:07.686629,36.30,34.00,291,292.32,-1,24
2026-08-08T18:55:11.792112,36.00,33.00,291,292.09,-1,24
2026-08-08T18:56:15.898171,35.60,34.00,293,292.03,1,24
2026-08-08T18:57:20.002889,36.30,34.00,294,292.21,2,24
2026-08-08T18:58:24.108313,36.30,34.00,294,292.45,2,24
2026-08-08T18:59:28.212859,36.30,34.00,294,292.67,2,24
2026-08-08T19:00:32.318129,36.30,34.00,294,292.83,2,24
2026-08-08T19:01:36.422960,36.30,34.00,295,293.12,2,24
2026-08-08T19:02:40.530806,36.00,35.00,304,293.68,11,27
2026-08-08T19:03:44.638275,35.60,34.00,300,294.71,6,27
2026-08-08T19:04:48.743897,35.60,35.00,298,295.26,3,26
2026-08-08T19:05:52.849479,35.60,35.00,297,295.58,2,26
2026-08-08T19:06:56.955535,35.20,35.00,296,295.69,1,26
2026-08-08T19:08:01.059960,35.20,35.00,295,295.64,0,26
2026-08-08T19:09:05.166437,35.20,35.00,294,295.44,-1,26
2026-08-08T19:10:09.271851,35.20,35.00,293,295.15,-2,26
2026-08-08T19:11:13.378041,35.20,35.00,292,294.83,-2,26
2026-08-08T19:12:17.484570,35.20,35.00,292,294.53,-2,26
2026-08-08T19:13:21.591090,35.20,35.00,292,294.23,-2,26
2026-08-08T19:14:25.696634,35.20,35.00,293,294.02,-1,26
2026-08-08T19:15:29.802183,35.20,35.00,293,293.88,0,26
2026-08-08T19:16:33.907154,35.20,36.00,293,293.78,0,26
2026-08-08T19:17:38.012500,35.20,36.00,294,293.81,1,26
2026-08-08T19:18:42.117586,35.20,36.00,294,293.86,1,26
2026-08-08T19:19:46.222354,35.20,36.00,295,293.97,2,26
2026-08-08T19:20:50.328236,35.20,36.00,296,294.15,2,26
2026-08-08T19:21:54.432613,35.20,36.00,297,294.43,3,26
2026-08-08T19:22:58.537638,35.20,37.00,298,294.79,4,26
2026-08-08T19:24:02.643917,35.20,36.00,298,295.20,3,26
2026-08-08T19:25:06.748569,35.20,37.00,299,295.64,4,26
2026-08-08T19:26:10.854017,35.20,37.00,300,296.13,4,26
2026-08-08T19:27:14.959403,35.20,37.00,300,296.62,4,26
2026-08-08T19:28:19.064807,35.20,37.00,300,297.06,3,26
2026-08-08T19:33:16.907846,34.70,41.00,301,302.70,-1,26
2026-08-08T19:34:21.014127,34.70,41.00,301,302.51,-1,26
2026-08-08T19:35:25.121570,35.20,40.00,297,302.17,-5,26
2026-08-08T19:36:29.227214,35.20,39.00,299,301.69,-2,26
2026-08-08T19:37:33.332559,35.20,40.00,301,301.53,0,26
2026-08-08T19:38:37.437771,35.20,40.00,301,301.35,0,26
2026-08-08T19:39:41.544393,35.20,40.00,300,301.28,-1,26
2026-08-08T19:40:45.649867,35.60,40.00,301,301.23,0,26
2026-08-08T19:41:49.755157,35.60,40.00,301,301.20,0,26
2026-08-08T19:42:53.861416,35.20,40.00,303,301.27,2,26
2026-08-08T19:43:57.966360,35.20,39.00,301,301.37,0,26
2026-08-08T19:45:02.073309,35.20,39.00,300,301.22,-1,26
2026-08-08T19:46:06.180297,35.20,39.00,298,300.83,-2,26
2026-08-08T19:47:10.286207,34.70,40.00,296,300.29,-4,26
2026-08-08T19:48:14.392763,34.70,40.00,293,299.51,-6,26
2026-08-08T19:49:18.499843,34.70,40.00,294,298.69,-4,26
2026-08-08T19:50:22.605647,34.70,40.00,293,297.94,-4,26
2026-08-08T19:51:26.711951,34.20,40.00,290,297.17,-7,26
2026-08-08T19:52:30.818235,34.70,40.00,292,296.31,-4,26
2026-08-08T19:53:34.924813,34.20,39.00,293,295.76,-2,26
2026-08-08T19:54:39.030094,34.20,39.00,295,295.45,0,26
2026-08-08T19:55:43.136207,34.20,39.00,290,294.88,-4,26
2026-08-08T19:56:47.242692,34.20,39.00,290,294.39,-4,26
2026-08-08T19:57:51.347496,33.80,40.00,295,294.75,1,26
2026-08-08T19:58:55.453248,33.80,40.00,289,294.30,-5,26
2026-08-08T19:59:59.558951,33.80,40.00,288,293.53,-5,26
2026-08-08T20:01:03.665073,33.80,40.00,285,292.55,-7,26
2026-08-08T20:02:07.770304,33.80,40.00,283,291.34,-8,26
2026-08-08T20:03:11.876766,33.80,40.00,281,290.09,-9,26
2026-08-08T20:04:15.984170,34.20,40.00,281,288.78,-7,26
2026-08-08T20:05:20.089219,33.80,41.00,283,288.11,-5,26
2026-08-08T20:06:24.195163,33.80,40.00,285,287.71,-2,26
2026-08-08T20:07:28.299862,33.80,40.00,289,287.55,2,26
2026-08-08T20:08:32.404552,33.80,40.00,287,287.59,0,26
2026-08-08T20:09:36.509065,33.80,40.00,288,287.51,1,26
2026-08-08T20:10:40.613600,33.80,40.00,288,287.54,1,26
2026-08-08T20:11:44.718396,33.80,40.00,288,287.60,1,26
2026-08-08T20:12:48.823311,33.80,40.00,288,287.59,1,26
2026-08-08T20:13:52.928997,34.20,40.00,289,287.73,2,26
2026-08-08T20:14:57.032907,34.20,40.00,290,287.91,3,26
2026-08-08T20:16:01.137422,34.20,40.00,289,288.10,1,26
2026-08-08T20:17:05.242420,34.20,40.00,289,288.16,1,26
2026-08-08T20:18:09.347265,34.20,40.00,289,288.27,1,26
2026-08-08T20:19:13.451578,34.20,40.00,289,288.31,1,26
2026-08-08T20:20:17.556478,34.20,40.00,290,288.52,2,26
2026-08-08T20:21:21.661597,34.20,40.00,288,288.56,0,26
2026-08-08T20:22:25.765909,33.80,40.00,288,288.49,0,26
2026-08-08T20:23:29.871694,33.80,40.00,287,288.33,-1,26
2026-08-08T20:24:33.977754,33.80,40.00,285,287.98,-2,26
2026-08-08T20:25:38.082326,33.80,40.00,288,287.89,1,26
2026-08-08T20:26:42.187210,33.80,41.00,288,287.89,1,26
2026-08-08T20:27:46.292162,33.80,41.00,288,287.85,1,26
2026-08-08T20:28:50.396892,33.30,41.00,288,287.85,1,26
2026-08-08T20:29:54.503998,33.30,41.00,286,287.71,-1,25
2026-08-08T20:30:58.609261,33.30,41.00,290,287.81,3,26
2026-08-08T20:32:02.714640,33.70,41.00,291,288.23,3,26
2026-08-08T20:33:06.820526,33.40,41.00,288,288.27,0,26
2026-08-08T20:34:10.925789,33.80,41.00,288,288.37,0,26
2026-08-08T20:35:15.031627,33.30,41.00,290,288.51,2,26
2026-08-08T20:36:19.137558,33.30,42.00,289,288.67,1,26
2026-08-08T20:37:23.242833,33.30,42.00,288,288.67,0,26
2026-08-08T20:38:27.348756,33.30,42.00,290,288.77,2,26
2026-08-08T20:39:31.454368,33.80,42.00,290,288.82,2,26
2026-08-08T20:40:35.559710,33.80,42.00,290,288.90,2,26
2026-08-08T20:41:39.664890,33.80,42.00,292,289.13,3,26
2026-08-08T20:42:43.770320,33.80,43.00,292,289.51,3,26
2026-08-08T20:43:47.876252,33.30,43.00,292,289.87,3,26
2026-08-08T20:44:51.982097,33.30,43.00,290,290.04,0,26
